algorithm,seed,exp_name,phase,args_id,n_train_domains,sample_size_per_domain,imbalance_type,train_envs,train_env_sizes,test_env,metric,model_selection,value
groupdro,0,e0_repro_small,reproduction,edde2a2c7005f421a9fbe50b5df9e805,4,,,"[0.1, 0.2, 0.5, 0.9]",,0.0,acc,best,0.7188
groupdro,0,e0_repro_small,reproduction,edde2a2c7005f421a9fbe50b5df9e805,4,,,"[0.1, 0.2, 0.5, 0.9]",,0.0,acc,final,0.7174
groupdro,0,e0_repro_small,reproduction,edde2a2c7005f421a9fbe50b5df9e805,4,,,"[0.1, 0.2, 0.5, 0.9]",,0.0,loss,best,0.5994733273983002
groupdro,0,e0_repro_small,reproduction,edde2a2c7005f421a9fbe50b5df9e805,4,,,"[0.1, 0.2, 0.5, 0.9]",,0.0,loss,final,0.6030355989933014
groupdro,0,e0_repro_small,reproduction,edde2a2c7005f421a9fbe50b5df9e805,4,,,"[0.1, 0.2, 0.5, 0.9]",,0.1,acc,best,0.7154
groupdro,0,e0_repro_small,reproduction,edde2a2c7005f421a9fbe50b5df9e805,4,,,"[0.1, 0.2, 0.5, 0.9]",,0.1,acc,final,0.7089
groupdro,0,e0_repro_small,reproduction,edde2a2c7005f421a9fbe50b5df9e805,4,,,"[0.1, 0.2, 0.5, 0.9]",,0.1,loss,best,0.6049156785011292
groupdro,0,e0_repro_small,reproduction,edde2a2c7005f421a9fbe50b5df9e805,4,,,"[0.1, 0.2, 0.5, 0.9]",,0.1,loss,final,0.6139793694019318
groupdro,0,e0_repro_small,reproduction,edde2a2c7005f421a9fbe50b5df9e805,4,,,"[0.1, 0.2, 0.5, 0.9]",,0.2,acc,best,0.7148
groupdro,0,e0_repro_small,reproduction,edde2a2c7005f421a9fbe50b5df9e805,4,,,"[0.1, 0.2, 0.5, 0.9]",,0.2,acc,final,0.7043
groupdro,0,e0_repro_small,reproduction,edde2a2c7005f421a9fbe50b5df9e805,4,,,"[0.1, 0.2, 0.5, 0.9]",,0.2,loss,best,0.6035379767417908
groupdro,0,e0_repro_small,reproduction,edde2a2c7005f421a9fbe50b5df9e805,4,,,"[0.1, 0.2, 0.5, 0.9]",,0.2,loss,final,0.6202265620231628
groupdro,0,e0_repro_small,reproduction,edde2a2c7005f421a9fbe50b5df9e805,4,,,"[0.1, 0.2, 0.5, 0.9]",,0.3,acc,best,0.7116
groupdro,0,e0_repro_small,reproduction,edde2a2c7005f421a9fbe50b5df9e805,4,,,"[0.1, 0.2, 0.5, 0.9]",,0.3,acc,final,0.6998
groupdro,0,e0_repro_small,reproduction,edde2a2c7005f421a9fbe50b5df9e805,4,,,"[0.1, 0.2, 0.5, 0.9]",,0.3,loss,best,0.6122641861438751
groupdro,0,e0_repro_small,reproduction,edde2a2c7005f421a9fbe50b5df9e805,4,,,"[0.1, 0.2, 0.5, 0.9]",,0.3,loss,final,0.6375789046287537
groupdro,0,e0_repro_small,reproduction,edde2a2c7005f421a9fbe50b5df9e805,4,,,"[0.1, 0.2, 0.5, 0.9]",,0.4,acc,best,0.7107
groupdro,0,e0_repro_small,reproduction,edde2a2c7005f421a9fbe50b5df9e805,4,,,"[0.1, 0.2, 0.5, 0.9]",,0.4,acc,final,0.6961
groupdro,0,e0_repro_small,reproduction,edde2a2c7005f421a9fbe50b5df9e805,4,,,"[0.1, 0.2, 0.5, 0.9]",,0.4,loss,best,0.6175054907798767
groupdro,0,e0_repro_small,reproduction,edde2a2c7005f421a9fbe50b5df9e805,4,,,"[0.1, 0.2, 0.5, 0.9]",,0.4,loss,final,0.6521822214126587
groupdro,0,e0_repro_small,reproduction,edde2a2c7005f421a9fbe50b5df9e805,4,,,"[0.1, 0.2, 0.5, 0.9]",,0.5,acc,best,0.7162
groupdro,0,e0_repro_small,reproduction,edde2a2c7005f421a9fbe50b5df9e805,4,,,"[0.1, 0.2, 0.5, 0.9]",,0.5,acc,final,0.697
groupdro,0,e0_repro_small,reproduction,edde2a2c7005f421a9fbe50b5df9e805,4,,,"[0.1, 0.2, 0.5, 0.9]",,0.5,loss,best,0.612648218870163
groupdro,0,e0_repro_small,reproduction,edde2a2c7005f421a9fbe50b5df9e805,4,,,"[0.1, 0.2, 0.5, 0.9]",,0.5,loss,final,0.6543919742107391
groupdro,0,e0_repro_small,reproduction,edde2a2c7005f421a9fbe50b5df9e805,4,,,"[0.1, 0.2, 0.5, 0.9]",,0.6,acc,best,0.6997
groupdro,0,e0_repro_small,reproduction,edde2a2c7005f421a9fbe50b5df9e805,4,,,"[0.1, 0.2, 0.5, 0.9]",,0.6,acc,final,0.6803
groupdro,0,e0_repro_small,reproduction,edde2a2c7005f421a9fbe50b5df9e805,4,,,"[0.1, 0.2, 0.5, 0.9]",,0.6,loss,best,0.6401776373386383
groupdro,0,e0_repro_small,reproduction,edde2a2c7005f421a9fbe50b5df9e805,4,,,"[0.1, 0.2, 0.5, 0.9]",,0.6,loss,final,0.6934993267059326
groupdro,0,e0_repro_small,reproduction,edde2a2c7005f421a9fbe50b5df9e805,4,,,"[0.1, 0.2, 0.5, 0.9]",,0.7,acc,best,0.6967
groupdro,0,e0_repro_small,reproduction,edde2a2c7005f421a9fbe50b5df9e805,4,,,"[0.1, 0.2, 0.5, 0.9]",,0.7,acc,final,0.6721
groupdro,0,e0_repro_small,reproduction,edde2a2c7005f421a9fbe50b5df9e805,4,,,"[0.1, 0.2, 0.5, 0.9]",,0.7,loss,best,0.6466534733772278
groupdro,0,e0_repro_small,reproduction,edde2a2c7005f421a9fbe50b5df9e805,4,,,"[0.1, 0.2, 0.5, 0.9]",,0.7,loss,final,0.7040251791477203
groupdro,0,e0_repro_small,reproduction,edde2a2c7005f421a9fbe50b5df9e805,4,,,"[0.1, 0.2, 0.5, 0.9]",,0.8,acc,best,0.7106
groupdro,0,e0_repro_small,reproduction,edde2a2c7005f421a9fbe50b5df9e805,4,,,"[0.1, 0.2, 0.5, 0.9]",,0.8,acc,final,0.6756
groupdro,0,e0_repro_small,reproduction,edde2a2c7005f421a9fbe50b5df9e805,4,,,"[0.1, 0.2, 0.5, 0.9]",,0.8,loss,best,0.6364820301532745
groupdro,0,e0_repro_small,reproduction,edde2a2c7005f421a9fbe50b5df9e805,4,,,"[0.1, 0.2, 0.5, 0.9]",,0.8,loss,final,0.7045580446720123
groupdro,0,e0_repro_small,reproduction,edde2a2c7005f421a9fbe50b5df9e805,4,,,"[0.1, 0.2, 0.5, 0.9]",,0.9,acc,best,0.7137
groupdro,0,e0_repro_small,reproduction,edde2a2c7005f421a9fbe50b5df9e805,4,,,"[0.1, 0.2, 0.5, 0.9]",,0.9,acc,final,0.6798
groupdro,0,e0_repro_small,reproduction,edde2a2c7005f421a9fbe50b5df9e805,4,,,"[0.1, 0.2, 0.5, 0.9]",,0.9,loss,best,0.6279919445514679
groupdro,0,e0_repro_small,reproduction,edde2a2c7005f421a9fbe50b5df9e805,4,,,"[0.1, 0.2, 0.5, 0.9]",,0.9,loss,final,0.7016980051994324
groupdro,0,e0_repro_small,reproduction,edde2a2c7005f421a9fbe50b5df9e805,4,,,"[0.1, 0.2, 0.5, 0.9]",,1.0,acc,best,0.7043
groupdro,0,e0_repro_small,reproduction,edde2a2c7005f421a9fbe50b5df9e805,4,,,"[0.1, 0.2, 0.5, 0.9]",,1.0,acc,final,0.6664
groupdro,0,e0_repro_small,reproduction,edde2a2c7005f421a9fbe50b5df9e805,4,,,"[0.1, 0.2, 0.5, 0.9]",,1.0,loss,best,0.6486775875091553
groupdro,0,e0_repro_small,reproduction,edde2a2c7005f421a9fbe50b5df9e805,4,,,"[0.1, 0.2, 0.5, 0.9]",,1.0,loss,final,0.7316132485866547
groupdro,0,e0_repro_small,reproduction,edde2a2c7005f421a9fbe50b5df9e805,4,,,"[0.1, 0.2, 0.5, 0.9]",,avg_domain,acc,best,0.7102272727272727
groupdro,0,e0_repro_small,reproduction,edde2a2c7005f421a9fbe50b5df9e805,4,,,"[0.1, 0.2, 0.5, 0.9]",,worst_domain,acc,best,0.6967
groupdro,0,e0_repro_small,reproduction,edde2a2c7005f421a9fbe50b5df9e805,4,,,"[0.1, 0.2, 0.5, 0.9]",,best_domain,acc,best,0.7188
groupdro,0,e0_repro_small,reproduction,edde2a2c7005f421a9fbe50b5df9e805,4,,,"[0.1, 0.2, 0.5, 0.9]",,avg_domain,acc,final,0.6907000000000001
groupdro,0,e0_repro_small,reproduction,edde2a2c7005f421a9fbe50b5df9e805,4,,,"[0.1, 0.2, 0.5, 0.9]",,worst_domain,acc,final,0.6664
groupdro,0,e0_repro_small,reproduction,edde2a2c7005f421a9fbe50b5df9e805,4,,,"[0.1, 0.2, 0.5, 0.9]",,best_domain,acc,final,0.7174
iro,0,e0_repro_small,reproduction,603841a4e01bcd07a7ee0d58b7fd7e5b,4,,,"[0.1, 0.2, 0.5, 0.9]",,0.0,acc,best,0.6768
iro,0,e0_repro_small,reproduction,603841a4e01bcd07a7ee0d58b7fd7e5b,4,,,"[0.1, 0.2, 0.5, 0.9]",,0.0,acc,final,0.6768
iro,0,e0_repro_small,reproduction,603841a4e01bcd07a7ee0d58b7fd7e5b,4,,,"[0.1, 0.2, 0.5, 0.9]",,0.0,loss,best,0.643227756023407
iro,0,e0_repro_small,reproduction,603841a4e01bcd07a7ee0d58b7fd7e5b,4,,,"[0.1, 0.2, 0.5, 0.9]",,0.0,loss,final,0.6432277262210846
iro,0,e0_repro_small,reproduction,603841a4e01bcd07a7ee0d58b7fd7e5b,4,,,"[0.1, 0.2, 0.5, 0.9]",,0.1,acc,best,0.6854
iro,0,e0_repro_small,reproduction,603841a4e01bcd07a7ee0d58b7fd7e5b,4,,,"[0.1, 0.2, 0.5, 0.9]",,0.1,acc,final,0.6854
iro,0,e0_repro_small,reproduction,603841a4e01bcd07a7ee0d58b7fd7e5b,4,,,"[0.1, 0.2, 0.5, 0.9]",,0.1,loss,best,0.6416520476341248
iro,0,e0_repro_small,reproduction,603841a4e01bcd07a7ee0d58b7fd7e5b,4,,,"[0.1, 0.2, 0.5, 0.9]",,0.1,loss,final,0.6416520178318024
iro,0,e0_repro_small,reproduction,603841a4e01bcd07a7ee0d58b7fd7e5b,4,,,"[0.1, 0.2, 0.5, 0.9]",,0.2,acc,best,0.686
iro,0,e0_repro_small,reproduction,603841a4e01bcd07a7ee0d58b7fd7e5b,4,,,"[0.1, 0.2, 0.5, 0.9]",,0.2,acc,final,0.686
iro,0,e0_repro_small,reproduction,603841a4e01bcd07a7ee0d58b7fd7e5b,4,,,"[0.1, 0.2, 0.5, 0.9]",,0.2,loss,best,0.641679435968399
iro,0,e0_repro_small,reproduction,603841a4e01bcd07a7ee0d58b7fd7e5b,4,,,"[0.1, 0.2, 0.5, 0.9]",,0.2,loss,final,0.6416794955730438
iro,0,e0_repro_small,reproduction,603841a4e01bcd07a7ee0d58b7fd7e5b,4,,,"[0.1, 0.2, 0.5, 0.9]",,0.3,acc,best,0.6907
iro,0,e0_repro_small,reproduction,603841a4e01bcd07a7ee0d58b7fd7e5b,4,,,"[0.1, 0.2, 0.5, 0.9]",,0.3,acc,final,0.6907
iro,0,e0_repro_small,reproduction,603841a4e01bcd07a7ee0d58b7fd7e5b,4,,,"[0.1, 0.2, 0.5, 0.9]",,0.3,loss,best,0.6199818253517151
iro,0,e0_repro_small,reproduction,603841a4e01bcd07a7ee0d58b7fd7e5b,4,,,"[0.1, 0.2, 0.5, 0.9]",,0.3,loss,final,0.6199818253517151
iro,0,e0_repro_small,reproduction,603841a4e01bcd07a7ee0d58b7fd7e5b,4,,,"[0.1, 0.2, 0.5, 0.9]",,0.4,acc,best,0.6903
iro,0,e0_repro_small,reproduction,603841a4e01bcd07a7ee0d58b7fd7e5b,4,,,"[0.1, 0.2, 0.5, 0.9]",,0.4,acc,final,0.6903
iro,0,e0_repro_small,reproduction,603841a4e01bcd07a7ee0d58b7fd7e5b,4,,,"[0.1, 0.2, 0.5, 0.9]",,0.4,loss,best,0.6191832423210144
iro,0,e0_repro_small,reproduction,603841a4e01bcd07a7ee0d58b7fd7e5b,4,,,"[0.1, 0.2, 0.5, 0.9]",,0.4,loss,final,0.6191832721233368
iro,0,e0_repro_small,reproduction,603841a4e01bcd07a7ee0d58b7fd7e5b,4,,,"[0.1, 0.2, 0.5, 0.9]",,0.5,acc,best,0.7028
iro,0,e0_repro_small,reproduction,603841a4e01bcd07a7ee0d58b7fd7e5b,4,,,"[0.1, 0.2, 0.5, 0.9]",,0.5,acc,final,0.7028
iro,0,e0_repro_small,reproduction,603841a4e01bcd07a7ee0d58b7fd7e5b,4,,,"[0.1, 0.2, 0.5, 0.9]",,0.5,loss,best,0.6112898290157318
iro,0,e0_repro_small,reproduction,603841a4e01bcd07a7ee0d58b7fd7e5b,4,,,"[0.1, 0.2, 0.5, 0.9]",,0.5,loss,final,0.6112898290157318
iro,0,e0_repro_small,reproduction,603841a4e01bcd07a7ee0d58b7fd7e5b,4,,,"[0.1, 0.2, 0.5, 0.9]",,0.6,acc,best,0.6851
iro,0,e0_repro_small,reproduction,603841a4e01bcd07a7ee0d58b7fd7e5b,4,,,"[0.1, 0.2, 0.5, 0.9]",,0.6,acc,final,0.6851
iro,0,e0_repro_small,reproduction,603841a4e01bcd07a7ee0d58b7fd7e5b,4,,,"[0.1, 0.2, 0.5, 0.9]",,0.6,loss,best,0.6232615113258362
iro,0,e0_repro_small,reproduction,603841a4e01bcd07a7ee0d58b7fd7e5b,4,,,"[0.1, 0.2, 0.5, 0.9]",,0.6,loss,final,0.6232614815235138
iro,0,e0_repro_small,reproduction,603841a4e01bcd07a7ee0d58b7fd7e5b,4,,,"[0.1, 0.2, 0.5, 0.9]",,0.7,acc,best,0.6837
iro,0,e0_repro_small,reproduction,603841a4e01bcd07a7ee0d58b7fd7e5b,4,,,"[0.1, 0.2, 0.5, 0.9]",,0.7,acc,final,0.6837
iro,0,e0_repro_small,reproduction,603841a4e01bcd07a7ee0d58b7fd7e5b,4,,,"[0.1, 0.2, 0.5, 0.9]",,0.7,loss,best,0.625433474779129
iro,0,e0_repro_small,reproduction,603841a4e01bcd07a7ee0d58b7fd7e5b,4,,,"[0.1, 0.2, 0.5, 0.9]",,0.7,loss,final,0.625433474779129
iro,0,e0_repro_small,reproduction,603841a4e01bcd07a7ee0d58b7fd7e5b,4,,,"[0.1, 0.2, 0.5, 0.9]",,0.8,acc,best,0.701
iro,0,e0_repro_small,reproduction,603841a4e01bcd07a7ee0d58b7fd7e5b,4,,,"[0.1, 0.2, 0.5, 0.9]",,0.8,acc,final,0.701
iro,0,e0_repro_small,reproduction,603841a4e01bcd07a7ee0d58b7fd7e5b,4,,,"[0.1, 0.2, 0.5, 0.9]",,0.8,loss,best,0.6113311648368835
iro,0,e0_repro_small,reproduction,603841a4e01bcd07a7ee0d58b7fd7e5b,4,,,"[0.1, 0.2, 0.5, 0.9]",,0.8,loss,final,0.6113311350345612
iro,0,e0_repro_small,reproduction,603841a4e01bcd07a7ee0d58b7fd7e5b,4,,,"[0.1, 0.2, 0.5, 0.9]",,0.9,acc,best,0.6985
iro,0,e0_repro_small,reproduction,603841a4e01bcd07a7ee0d58b7fd7e5b,4,,,"[0.1, 0.2, 0.5, 0.9]",,0.9,acc,final,0.6985
iro,0,e0_repro_small,reproduction,603841a4e01bcd07a7ee0d58b7fd7e5b,4,,,"[0.1, 0.2, 0.5, 0.9]",,0.9,loss,best,0.6119339466094971
iro,0,e0_repro_small,reproduction,603841a4e01bcd07a7ee0d58b7fd7e5b,4,,,"[0.1, 0.2, 0.5, 0.9]",,0.9,loss,final,0.6119339466094971
iro,0,e0_repro_small,reproduction,603841a4e01bcd07a7ee0d58b7fd7e5b,4,,,"[0.1, 0.2, 0.5, 0.9]",,1.0,acc,best,0.6904
iro,0,e0_repro_small,reproduction,603841a4e01bcd07a7ee0d58b7fd7e5b,4,,,"[0.1, 0.2, 0.5, 0.9]",,1.0,acc,final,0.6904
iro,0,e0_repro_small,reproduction,603841a4e01bcd07a7ee0d58b7fd7e5b,4,,,"[0.1, 0.2, 0.5, 0.9]",,1.0,loss,best,0.6191945672035217
iro,0,e0_repro_small,reproduction,603841a4e01bcd07a7ee0d58b7fd7e5b,4,,,"[0.1, 0.2, 0.5, 0.9]",,1.0,loss,final,0.619194507598877
iro,0,e0_repro_small,reproduction,603841a4e01bcd07a7ee0d58b7fd7e5b,4,,,"[0.1, 0.2, 0.5, 0.9]",,avg_domain,acc,best,0.6900636363636364
iro,0,e0_repro_small,reproduction,603841a4e01bcd07a7ee0d58b7fd7e5b,4,,,"[0.1, 0.2, 0.5, 0.9]",,worst_domain,acc,best,0.6768
iro,0,e0_repro_small,reproduction,603841a4e01bcd07a7ee0d58b7fd7e5b,4,,,"[0.1, 0.2, 0.5, 0.9]",,best_domain,acc,best,0.7028
iro,0,e0_repro_small,reproduction,603841a4e01bcd07a7ee0d58b7fd7e5b,4,,,"[0.1, 0.2, 0.5, 0.9]",,avg_domain,acc,final,0.6900636363636364
iro,0,e0_repro_small,reproduction,603841a4e01bcd07a7ee0d58b7fd7e5b,4,,,"[0.1, 0.2, 0.5, 0.9]",,worst_domain,acc,final,0.6768
iro,0,e0_repro_small,reproduction,603841a4e01bcd07a7ee0d58b7fd7e5b,4,,,"[0.1, 0.2, 0.5, 0.9]",,best_domain,acc,final,0.7028
erm,0,e0_repro_small,reproduction,f45326f5b38b7a46c1da64c6befa6ed2,4,,,"[0.1, 0.2, 0.5, 0.9]",,0.0,acc,best,0.7602
erm,0,e0_repro_small,reproduction,f45326f5b38b7a46c1da64c6befa6ed2,4,,,"[0.1, 0.2, 0.5, 0.9]",,0.0,acc,final,0.7549
erm,0,e0_repro_small,reproduction,f45326f5b38b7a46c1da64c6befa6ed2,4,,,"[0.1, 0.2, 0.5, 0.9]",,0.0,loss,best,0.4810497313737869
erm,0,e0_repro_small,reproduction,f45326f5b38b7a46c1da64c6befa6ed2,4,,,"[0.1, 0.2, 0.5, 0.9]",,0.0,loss,final,0.5195153653621674
erm,0,e0_repro_small,reproduction,f45326f5b38b7a46c1da64c6befa6ed2,4,,,"[0.1, 0.2, 0.5, 0.9]",,0.1,acc,best,0.7491
erm,0,e0_repro_small,reproduction,f45326f5b38b7a46c1da64c6befa6ed2,4,,,"[0.1, 0.2, 0.5, 0.9]",,0.1,acc,final,0.7378
erm,0,e0_repro_small,reproduction,f45326f5b38b7a46c1da64c6befa6ed2,4,,,"[0.1, 0.2, 0.5, 0.9]",,0.1,loss,best,0.5074209421873093
erm,0,e0_repro_small,reproduction,f45326f5b38b7a46c1da64c6befa6ed2,4,,,"[0.1, 0.2, 0.5, 0.9]",,0.1,loss,final,0.5452406406402588
erm,0,e0_repro_small,reproduction,f45326f5b38b7a46c1da64c6befa6ed2,4,,,"[0.1, 0.2, 0.5, 0.9]",,0.2,acc,best,0.7407
erm,0,e0_repro_small,reproduction,f45326f5b38b7a46c1da64c6befa6ed2,4,,,"[0.1, 0.2, 0.5, 0.9]",,0.2,acc,final,0.73
erm,0,e0_repro_small,reproduction,f45326f5b38b7a46c1da64c6befa6ed2,4,,,"[0.1, 0.2, 0.5, 0.9]",,0.2,loss,best,0.5309411585330963
erm,0,e0_repro_small,reproduction,f45326f5b38b7a46c1da64c6befa6ed2,4,,,"[0.1, 0.2, 0.5, 0.9]",,0.2,loss,final,0.5675227642059326
erm,0,e0_repro_small,reproduction,f45326f5b38b7a46c1da64c6befa6ed2,4,,,"[0.1, 0.2, 0.5, 0.9]",,0.3,acc,best,0.7315
erm,0,e0_repro_small,reproduction,f45326f5b38b7a46c1da64c6befa6ed2,4,,,"[0.1, 0.2, 0.5, 0.9]",,0.3,acc,final,0.7162
erm,0,e0_repro_small,reproduction,f45326f5b38b7a46c1da64c6befa6ed2,4,,,"[0.1, 0.2, 0.5, 0.9]",,0.3,loss,best,0.5606490075588226
erm,0,e0_repro_small,reproduction,f45326f5b38b7a46c1da64c6befa6ed2,4,,,"[0.1, 0.2, 0.5, 0.9]",,0.3,loss,final,0.6092146933078766
erm,0,e0_repro_small,reproduction,f45326f5b38b7a46c1da64c6befa6ed2,4,,,"[0.1, 0.2, 0.5, 0.9]",,0.4,acc,best,0.7235
erm,0,e0_repro_small,reproduction,f45326f5b38b7a46c1da64c6befa6ed2,4,,,"[0.1, 0.2, 0.5, 0.9]",,0.4,acc,final,0.6992
erm,0,e0_repro_small,reproduction,f45326f5b38b7a46c1da64c6befa6ed2,4,,,"[0.1, 0.2, 0.5, 0.9]",,0.4,loss,best,0.586906224489212
erm,0,e0_repro_small,reproduction,f45326f5b38b7a46c1da64c6befa6ed2,4,,,"[0.1, 0.2, 0.5, 0.9]",,0.4,loss,final,0.6370002329349518
erm,0,e0_repro_small,reproduction,f45326f5b38b7a46c1da64c6befa6ed2,4,,,"[0.1, 0.2, 0.5, 0.9]",,0.5,acc,best,0.7219
erm,0,e0_repro_small,reproduction,f45326f5b38b7a46c1da64c6befa6ed2,4,,,"[0.1, 0.2, 0.5, 0.9]",,0.5,acc,final,0.6907
erm,0,e0_repro_small,reproduction,f45326f5b38b7a46c1da64c6befa6ed2,4,,,"[0.1, 0.2, 0.5, 0.9]",,0.5,loss,best,0.5984852612018585
erm,0,e0_repro_small,reproduction,f45326f5b38b7a46c1da64c6befa6ed2,4,,,"[0.1, 0.2, 0.5, 0.9]",,0.5,loss,final,0.6609917283058167
erm,0,e0_repro_small,reproduction,f45326f5b38b7a46c1da64c6befa6ed2,4,,,"[0.1, 0.2, 0.5, 0.9]",,0.6,acc,best,0.7023
erm,0,e0_repro_small,reproduction,f45326f5b38b7a46c1da64c6befa6ed2,4,,,"[0.1, 0.2, 0.5, 0.9]",,0.6,acc,final,0.6742
erm,0,e0_repro_small,reproduction,f45326f5b38b7a46c1da64c6befa6ed2,4,,,"[0.1, 0.2, 0.5, 0.9]",,0.6,loss,best,0.640094518661499
erm,0,e0_repro_small,reproduction,f45326f5b38b7a46c1da64c6befa6ed2,4,,,"[0.1, 0.2, 0.5, 0.9]",,0.6,loss,final,0.7068187296390533
erm,0,e0_repro_small,reproduction,f45326f5b38b7a46c1da64c6befa6ed2,4,,,"[0.1, 0.2, 0.5, 0.9]",,0.7,acc,best,0.6934
erm,0,e0_repro_small,reproduction,f45326f5b38b7a46c1da64c6befa6ed2,4,,,"[0.1, 0.2, 0.5, 0.9]",,0.7,acc,final,0.6612
erm,0,e0_repro_small,reproduction,f45326f5b38b7a46c1da64c6befa6ed2,4,,,"[0.1, 0.2, 0.5, 0.9]",,0.7,loss,best,0.6671735048294067
erm,0,e0_repro_small,reproduction,f45326f5b38b7a46c1da64c6befa6ed2,4,,,"[0.1, 0.2, 0.5, 0.9]",,0.7,loss,final,0.7315258085727692
erm,0,e0_repro_small,reproduction,f45326f5b38b7a46c1da64c6befa6ed2,4,,,"[0.1, 0.2, 0.5, 0.9]",,0.8,acc,best,0.6893
erm,0,e0_repro_small,reproduction,f45326f5b38b7a46c1da64c6befa6ed2,4,,,"[0.1, 0.2, 0.5, 0.9]",,0.8,acc,final,0.6513
erm,0,e0_repro_small,reproduction,f45326f5b38b7a46c1da64c6befa6ed2,4,,,"[0.1, 0.2, 0.5, 0.9]",,0.8,loss,best,0.6866665482521057
erm,0,e0_repro_small,reproduction,f45326f5b38b7a46c1da64c6befa6ed2,4,,,"[0.1, 0.2, 0.5, 0.9]",,0.8,loss,final,0.7594877481460571
erm,0,e0_repro_small,reproduction,f45326f5b38b7a46c1da64c6befa6ed2,4,,,"[0.1, 0.2, 0.5, 0.9]",,0.9,acc,best,0.6907
erm,0,e0_repro_small,reproduction,f45326f5b38b7a46c1da64c6befa6ed2,4,,,"[0.1, 0.2, 0.5, 0.9]",,0.9,acc,final,0.6482
erm,0,e0_repro_small,reproduction,f45326f5b38b7a46c1da64c6befa6ed2,4,,,"[0.1, 0.2, 0.5, 0.9]",,0.9,loss,best,0.697311669588089
erm,0,e0_repro_small,reproduction,f45326f5b38b7a46c1da64c6befa6ed2,4,,,"[0.1, 0.2, 0.5, 0.9]",,0.9,loss,final,0.7715255618095398
erm,0,e0_repro_small,reproduction,f45326f5b38b7a46c1da64c6befa6ed2,4,,,"[0.1, 0.2, 0.5, 0.9]",,1.0,acc,best,0.6724
erm,0,e0_repro_small,reproduction,f45326f5b38b7a46c1da64c6befa6ed2,4,,,"[0.1, 0.2, 0.5, 0.9]",,1.0,acc,final,0.626
erm,0,e0_repro_small,reproduction,f45326f5b38b7a46c1da64c6befa6ed2,4,,,"[0.1, 0.2, 0.5, 0.9]",,1.0,loss,best,0.7348661422729492
erm,0,e0_repro_small,reproduction,f45326f5b38b7a46c1da64c6befa6ed2,4,,,"[0.1, 0.2, 0.5, 0.9]",,1.0,loss,final,0.8162932395935059
erm,0,e0_repro_small,reproduction,f45326f5b38b7a46c1da64c6befa6ed2,4,,,"[0.1, 0.2, 0.5, 0.9]",,avg_domain,acc,best,0.7159090909090908
erm,0,e0_repro_small,reproduction,f45326f5b38b7a46c1da64c6befa6ed2,4,,,"[0.1, 0.2, 0.5, 0.9]",,worst_domain,acc,best,0.6724
erm,0,e0_repro_small,reproduction,f45326f5b38b7a46c1da64c6befa6ed2,4,,,"[0.1, 0.2, 0.5, 0.9]",,best_domain,acc,best,0.7602
erm,0,e0_repro_small,reproduction,f45326f5b38b7a46c1da64c6befa6ed2,4,,,"[0.1, 0.2, 0.5, 0.9]",,avg_domain,acc,final,0.6899727272727273
erm,0,e0_repro_small,reproduction,f45326f5b38b7a46c1da64c6befa6ed2,4,,,"[0.1, 0.2, 0.5, 0.9]",,worst_domain,acc,final,0.626
erm,0,e0_repro_small,reproduction,f45326f5b38b7a46c1da64c6befa6ed2,4,,,"[0.1, 0.2, 0.5, 0.9]",,best_domain,acc,final,0.7549
erm,0,e0_repro_small,reproduction,f45326f5b38b7a46c1da64c6befa6ed2,4,,,"[0.1, 0.2, 0.5, 0.9]",,0.0,acc,best,0.7606
erm,0,e0_repro_small,reproduction,f45326f5b38b7a46c1da64c6befa6ed2,4,,,"[0.1, 0.2, 0.5, 0.9]",,0.0,acc,final,0.7526
erm,0,e0_repro_small,reproduction,f45326f5b38b7a46c1da64c6befa6ed2,4,,,"[0.1, 0.2, 0.5, 0.9]",,0.0,loss,best,0.47826148569583893
erm,0,e0_repro_small,reproduction,f45326f5b38b7a46c1da64c6befa6ed2,4,,,"[0.1, 0.2, 0.5, 0.9]",,0.0,loss,final,0.5197608172893524
erm,0,e0_repro_small,reproduction,f45326f5b38b7a46c1da64c6befa6ed2,4,,,"[0.1, 0.2, 0.5, 0.9]",,0.1,acc,best,0.7536
erm,0,e0_repro_small,reproduction,f45326f5b38b7a46c1da64c6befa6ed2,4,,,"[0.1, 0.2, 0.5, 0.9]",,0.1,acc,final,0.7387
erm,0,e0_repro_small,reproduction,f45326f5b38b7a46c1da64c6befa6ed2,4,,,"[0.1, 0.2, 0.5, 0.9]",,0.1,loss,best,0.5062254965305328
erm,0,e0_repro_small,reproduction,f45326f5b38b7a46c1da64c6befa6ed2,4,,,"[0.1, 0.2, 0.5, 0.9]",,0.1,loss,final,0.5481483638286591
erm,0,e0_repro_small,reproduction,f45326f5b38b7a46c1da64c6befa6ed2,4,,,"[0.1, 0.2, 0.5, 0.9]",,0.2,acc,best,0.744
erm,0,e0_repro_small,reproduction,f45326f5b38b7a46c1da64c6befa6ed2,4,,,"[0.1, 0.2, 0.5, 0.9]",,0.2,acc,final,0.7263
erm,0,e0_repro_small,reproduction,f45326f5b38b7a46c1da64c6befa6ed2,4,,,"[0.1, 0.2, 0.5, 0.9]",,0.2,loss,best,0.5295867621898651
erm,0,e0_repro_small,reproduction,f45326f5b38b7a46c1da64c6befa6ed2,4,,,"[0.1, 0.2, 0.5, 0.9]",,0.2,loss,final,0.5710721611976624
erm,0,e0_repro_small,reproduction,f45326f5b38b7a46c1da64c6befa6ed2,4,,,"[0.1, 0.2, 0.5, 0.9]",,0.3,acc,best,0.7313
erm,0,e0_repro_small,reproduction,f45326f5b38b7a46c1da64c6befa6ed2,4,,,"[0.1, 0.2, 0.5, 0.9]",,0.3,acc,final,0.7126
erm,0,e0_repro_small,reproduction,f45326f5b38b7a46c1da64c6befa6ed2,4,,,"[0.1, 0.2, 0.5, 0.9]",,0.3,loss,best,0.5541756749153137
erm,0,e0_repro_small,reproduction,f45326f5b38b7a46c1da64c6befa6ed2,4,,,"[0.1, 0.2, 0.5, 0.9]",,0.3,loss,final,0.6057453453540802
erm,0,e0_repro_small,reproduction,f45326f5b38b7a46c1da64c6befa6ed2,4,,,"[0.1, 0.2, 0.5, 0.9]",,0.4,acc,best,0.7226
erm,0,e0_repro_small,reproduction,f45326f5b38b7a46c1da64c6befa6ed2,4,,,"[0.1, 0.2, 0.5, 0.9]",,0.4,acc,final,0.7004
erm,0,e0_repro_small,reproduction,f45326f5b38b7a46c1da64c6befa6ed2,4,,,"[0.1, 0.2, 0.5, 0.9]",,0.4,loss,best,0.5843795835971832
erm,0,e0_repro_small,reproduction,f45326f5b38b7a46c1da64c6befa6ed2,4,,,"[0.1, 0.2, 0.5, 0.9]",,0.4,loss,final,0.6359394788742065
erm,0,e0_repro_small,reproduction,f45326f5b38b7a46c1da64c6befa6ed2,4,,,"[0.1, 0.2, 0.5, 0.9]",,0.5,acc,best,0.7207
erm,0,e0_repro_small,reproduction,f45326f5b38b7a46c1da64c6befa6ed2,4,,,"[0.1, 0.2, 0.5, 0.9]",,0.5,acc,final,0.6941
erm,0,e0_repro_small,reproduction,f45326f5b38b7a46c1da64c6befa6ed2,4,,,"[0.1, 0.2, 0.5, 0.9]",,0.5,loss,best,0.5976129174232483
erm,0,e0_repro_small,reproduction,f45326f5b38b7a46c1da64c6befa6ed2,4,,,"[0.1, 0.2, 0.5, 0.9]",,0.5,loss,final,0.6536490619182587
erm,0,e0_repro_small,reproduction,f45326f5b38b7a46c1da64c6befa6ed2,4,,,"[0.1, 0.2, 0.5, 0.9]",,0.6,acc,best,0.6989
erm,0,e0_repro_small,reproduction,f45326f5b38b7a46c1da64c6befa6ed2,4,,,"[0.1, 0.2, 0.5, 0.9]",,0.6,acc,final,0.6684
erm,0,e0_repro_small,reproduction,f45326f5b38b7a46c1da64c6befa6ed2,4,,,"[0.1, 0.2, 0.5, 0.9]",,0.6,loss,best,0.6408514976501465
erm,0,e0_repro_small,reproduction,f45326f5b38b7a46c1da64c6befa6ed2,4,,,"[0.1, 0.2, 0.5, 0.9]",,0.6,loss,final,0.7092025578022003
erm,0,e0_repro_small,reproduction,f45326f5b38b7a46c1da64c6befa6ed2,4,,,"[0.1, 0.2, 0.5, 0.9]",,0.7,acc,best,0.6886
erm,0,e0_repro_small,reproduction,f45326f5b38b7a46c1da64c6befa6ed2,4,,,"[0.1, 0.2, 0.5, 0.9]",,0.7,acc,final,0.6547
erm,0,e0_repro_small,reproduction,f45326f5b38b7a46c1da64c6befa6ed2,4,,,"[0.1, 0.2, 0.5, 0.9]",,0.7,loss,best,0.6652041673660278
erm,0,e0_repro_small,reproduction,f45326f5b38b7a46c1da64c6befa6ed2,4,,,"[0.1, 0.2, 0.5, 0.9]",,0.7,loss,final,0.736186295747757
erm,0,e0_repro_small,reproduction,f45326f5b38b7a46c1da64c6befa6ed2,4,,,"[0.1, 0.2, 0.5, 0.9]",,0.8,acc,best,0.6919
erm,0,e0_repro_small,reproduction,f45326f5b38b7a46c1da64c6befa6ed2,4,,,"[0.1, 0.2, 0.5, 0.9]",,0.8,acc,final,0.6556
erm,0,e0_repro_small,reproduction,f45326f5b38b7a46c1da64c6befa6ed2,4,,,"[0.1, 0.2, 0.5, 0.9]",,0.8,loss,best,0.6812047064304352
erm,0,e0_repro_small,reproduction,f45326f5b38b7a46c1da64c6befa6ed2,4,,,"[0.1, 0.2, 0.5, 0.9]",,0.8,loss,final,0.7530190050601959
erm,0,e0_repro_small,reproduction,f45326f5b38b7a46c1da64c6befa6ed2,4,,,"[0.1, 0.2, 0.5, 0.9]",,0.9,acc,best,0.6929
erm,0,e0_repro_small,reproduction,f45326f5b38b7a46c1da64c6befa6ed2,4,,,"[0.1, 0.2, 0.5, 0.9]",,0.9,acc,final,0.6473
erm,0,e0_repro_small,reproduction,f45326f5b38b7a46c1da64c6befa6ed2,4,,,"[0.1, 0.2, 0.5, 0.9]",,0.9,loss,best,0.692277580499649
erm,0,e0_repro_small,reproduction,f45326f5b38b7a46c1da64c6befa6ed2,4,,,"[0.1, 0.2, 0.5, 0.9]",,0.9,loss,final,0.7674024701118469
erm,0,e0_repro_small,reproduction,f45326f5b38b7a46c1da64c6befa6ed2,4,,,"[0.1, 0.2, 0.5, 0.9]",,1.0,acc,best,0.6745
erm,0,e0_repro_small,reproduction,f45326f5b38b7a46c1da64c6befa6ed2,4,,,"[0.1, 0.2, 0.5, 0.9]",,1.0,acc,final,0.6266
erm,0,e0_repro_small,reproduction,f45326f5b38b7a46c1da64c6befa6ed2,4,,,"[0.1, 0.2, 0.5, 0.9]",,1.0,loss,best,0.7316126525402069
erm,0,e0_repro_small,reproduction,f45326f5b38b7a46c1da64c6befa6ed2,4,,,"[0.1, 0.2, 0.5, 0.9]",,1.0,loss,final,0.8140502274036407
erm,0,e0_repro_small,reproduction,f45326f5b38b7a46c1da64c6befa6ed2,4,,,"[0.1, 0.2, 0.5, 0.9]",,avg_domain,acc,best,0.7163272727272727
erm,0,e0_repro_small,reproduction,f45326f5b38b7a46c1da64c6befa6ed2,4,,,"[0.1, 0.2, 0.5, 0.9]",,worst_domain,acc,best,0.6745
erm,0,e0_repro_small,reproduction,f45326f5b38b7a46c1da64c6befa6ed2,4,,,"[0.1, 0.2, 0.5, 0.9]",,best_domain,acc,best,0.7606
erm,0,e0_repro_small,reproduction,f45326f5b38b7a46c1da64c6befa6ed2,4,,,"[0.1, 0.2, 0.5, 0.9]",,avg_domain,acc,final,0.6888454545454544
erm,0,e0_repro_small,reproduction,f45326f5b38b7a46c1da64c6befa6ed2,4,,,"[0.1, 0.2, 0.5, 0.9]",,worst_domain,acc,final,0.6266
erm,0,e0_repro_small,reproduction,f45326f5b38b7a46c1da64c6befa6ed2,4,,,"[0.1, 0.2, 0.5, 0.9]",,best_domain,acc,final,0.7526
iro,0,e1_domain_count_small,domain_count,ddf11553002839f1b35279a96ee69303,2,,,"[0.1, 0.2]",,0.0,acc,best,0.9999
iro,0,e1_domain_count_small,domain_count,ddf11553002839f1b35279a96ee69303,2,,,"[0.1, 0.2]",,0.0,acc,final,0.9999
iro,0,e1_domain_count_small,domain_count,ddf11553002839f1b35279a96ee69303,2,,,"[0.1, 0.2]",,0.0,loss,best,0.2761726975440979
iro,0,e1_domain_count_small,domain_count,ddf11553002839f1b35279a96ee69303,2,,,"[0.1, 0.2]",,0.0,loss,final,0.2761726528406143
iro,0,e1_domain_count_small,domain_count,ddf11553002839f1b35279a96ee69303,2,,,"[0.1, 0.2]",,0.1,acc,best,0.8998
iro,0,e1_domain_count_small,domain_count,ddf11553002839f1b35279a96ee69303,2,,,"[0.1, 0.2]",,0.1,acc,final,0.8998
iro,0,e1_domain_count_small,domain_count,ddf11553002839f1b35279a96ee69303,2,,,"[0.1, 0.2]",,0.1,loss,best,0.3778298646211624
iro,0,e1_domain_count_small,domain_count,ddf11553002839f1b35279a96ee69303,2,,,"[0.1, 0.2]",,0.1,loss,final,0.3778298646211624
iro,0,e1_domain_count_small,domain_count,ddf11553002839f1b35279a96ee69303,2,,,"[0.1, 0.2]",,0.2,acc,best,0.7945
iro,0,e1_domain_count_small,domain_count,ddf11553002839f1b35279a96ee69303,2,,,"[0.1, 0.2]",,0.2,acc,final,0.7945
iro,0,e1_domain_count_small,domain_count,ddf11553002839f1b35279a96ee69303,2,,,"[0.1, 0.2]",,0.2,loss,best,0.49002665281295776
iro,0,e1_domain_count_small,domain_count,ddf11553002839f1b35279a96ee69303,2,,,"[0.1, 0.2]",,0.2,loss,final,0.4900266230106354
iro,0,e1_domain_count_small,domain_count,ddf11553002839f1b35279a96ee69303,2,,,"[0.1, 0.2]",,0.3,acc,best,0.6995
iro,0,e1_domain_count_small,domain_count,ddf11553002839f1b35279a96ee69303,2,,,"[0.1, 0.2]",,0.3,acc,final,0.6995
iro,0,e1_domain_count_small,domain_count,ddf11553002839f1b35279a96ee69303,2,,,"[0.1, 0.2]",,0.3,loss,best,0.5915455520153046
iro,0,e1_domain_count_small,domain_count,ddf11553002839f1b35279a96ee69303,2,,,"[0.1, 0.2]",,0.3,loss,final,0.5915455520153046
iro,0,e1_domain_count_small,domain_count,ddf11553002839f1b35279a96ee69303,2,,,"[0.1, 0.2]",,0.4,acc,best,0.6025
iro,0,e1_domain_count_small,domain_count,ddf11553002839f1b35279a96ee69303,2,,,"[0.1, 0.2]",,0.4,acc,final,0.6025
iro,0,e1_domain_count_small,domain_count,ddf11553002839f1b35279a96ee69303,2,,,"[0.1, 0.2]",,0.4,loss,best,0.7183396816253662
iro,0,e1_domain_count_small,domain_count,ddf11553002839f1b35279a96ee69303,2,,,"[0.1, 0.2]",,0.4,loss,final,0.7183396816253662
iro,0,e1_domain_count_small,domain_count,ddf11553002839f1b35279a96ee69303,2,,,"[0.1, 0.2]",,0.5,acc,best,0.507
iro,0,e1_domain_count_small,domain_count,ddf11553002839f1b35279a96ee69303,2,,,"[0.1, 0.2]",,0.5,acc,final,0.507
iro,0,e1_domain_count_small,domain_count,ddf11553002839f1b35279a96ee69303,2,,,"[0.1, 0.2]",,0.5,loss,best,0.8318776190280914
iro,0,e1_domain_count_small,domain_count,ddf11553002839f1b35279a96ee69303,2,,,"[0.1, 0.2]",,0.5,loss,final,0.8318776190280914
iro,0,e1_domain_count_small,domain_count,ddf11553002839f1b35279a96ee69303,2,,,"[0.1, 0.2]",,0.6,acc,best,0.4067
iro,0,e1_domain_count_small,domain_count,ddf11553002839f1b35279a96ee69303,2,,,"[0.1, 0.2]",,0.6,acc,final,0.4067
iro,0,e1_domain_count_small,domain_count,ddf11553002839f1b35279a96ee69303,2,,,"[0.1, 0.2]",,0.6,loss,best,0.9730828404426575
iro,0,e1_domain_count_small,domain_count,ddf11553002839f1b35279a96ee69303,2,,,"[0.1, 0.2]",,0.6,loss,final,0.9730828702449799
iro,0,e1_domain_count_small,domain_count,ddf11553002839f1b35279a96ee69303,2,,,"[0.1, 0.2]",,0.7,acc,best,0.3092
iro,0,e1_domain_count_small,domain_count,ddf11553002839f1b35279a96ee69303,2,,,"[0.1, 0.2]",,0.7,acc,final,0.3092
iro,0,e1_domain_count_small,domain_count,ddf11553002839f1b35279a96ee69303,2,,,"[0.1, 0.2]",,0.7,loss,best,1.102047324180603
iro,0,e1_domain_count_small,domain_count,ddf11553002839f1b35279a96ee69303,2,,,"[0.1, 0.2]",,0.7,loss,final,1.1020472049713135
iro,0,e1_domain_count_small,domain_count,ddf11553002839f1b35279a96ee69303,2,,,"[0.1, 0.2]",,0.8,acc,best,0.2062
iro,0,e1_domain_count_small,domain_count,ddf11553002839f1b35279a96ee69303,2,,,"[0.1, 0.2]",,0.8,acc,final,0.2062
iro,0,e1_domain_count_small,domain_count,ddf11553002839f1b35279a96ee69303,2,,,"[0.1, 0.2]",,0.8,loss,best,1.2224131226539612
iro,0,e1_domain_count_small,domain_count,ddf11553002839f1b35279a96ee69303,2,,,"[0.1, 0.2]",,0.8,loss,final,1.2224131226539612
iro,0,e1_domain_count_small,domain_count,ddf11553002839f1b35279a96ee69303,2,,,"[0.1, 0.2]",,0.9,acc,best,0.1083
iro,0,e1_domain_count_small,domain_count,ddf11553002839f1b35279a96ee69303,2,,,"[0.1, 0.2]",,0.9,acc,final,0.1083
iro,0,e1_domain_count_small,domain_count,ddf11553002839f1b35279a96ee69303,2,,,"[0.1, 0.2]",,0.9,loss,best,1.3429067730903625
iro,0,e1_domain_count_small,domain_count,ddf11553002839f1b35279a96ee69303,2,,,"[0.1, 0.2]",,0.9,loss,final,1.3429067730903625
iro,0,e1_domain_count_small,domain_count,ddf11553002839f1b35279a96ee69303,2,,,"[0.1, 0.2]",,1.0,acc,best,0.0081
iro,0,e1_domain_count_small,domain_count,ddf11553002839f1b35279a96ee69303,2,,,"[0.1, 0.2]",,1.0,acc,final,0.0081
iro,0,e1_domain_count_small,domain_count,ddf11553002839f1b35279a96ee69303,2,,,"[0.1, 0.2]",,1.0,loss,best,1.475321888923645
iro,0,e1_domain_count_small,domain_count,ddf11553002839f1b35279a96ee69303,2,,,"[0.1, 0.2]",,1.0,loss,final,1.4753219485282898
iro,0,e1_domain_count_small,domain_count,ddf11553002839f1b35279a96ee69303,2,,,"[0.1, 0.2]",,avg_domain,acc,best,0.5037909090909091
iro,0,e1_domain_count_small,domain_count,ddf11553002839f1b35279a96ee69303,2,,,"[0.1, 0.2]",,worst_domain,acc,best,0.0081
iro,0,e1_domain_count_small,domain_count,ddf11553002839f1b35279a96ee69303,2,,,"[0.1, 0.2]",,best_domain,acc,best,0.9999
iro,0,e1_domain_count_small,domain_count,ddf11553002839f1b35279a96ee69303,2,,,"[0.1, 0.2]",,avg_domain,acc,final,0.5037909090909091
iro,0,e1_domain_count_small,domain_count,ddf11553002839f1b35279a96ee69303,2,,,"[0.1, 0.2]",,worst_domain,acc,final,0.0081
iro,0,e1_domain_count_small,domain_count,ddf11553002839f1b35279a96ee69303,2,,,"[0.1, 0.2]",,best_domain,acc,final,0.9999
groupdro,0,e1_domain_count_small,domain_count,f3a3a40263e3d997717e230099e97bf8,2,,,"[0.1, 0.2]",,0.0,acc,best,0.9245
groupdro,0,e1_domain_count_small,domain_count,f3a3a40263e3d997717e230099e97bf8,2,,,"[0.1, 0.2]",,0.0,acc,final,0.9254
groupdro,0,e1_domain_count_small,domain_count,f3a3a40263e3d997717e230099e97bf8,2,,,"[0.1, 0.2]",,0.0,loss,best,0.1962255761027336
groupdro,0,e1_domain_count_small,domain_count,f3a3a40263e3d997717e230099e97bf8,2,,,"[0.1, 0.2]",,0.0,loss,final,0.19313669949769974
groupdro,0,e1_domain_count_small,domain_count,f3a3a40263e3d997717e230099e97bf8,2,,,"[0.1, 0.2]",,0.1,acc,best,0.8563
groupdro,0,e1_domain_count_small,domain_count,f3a3a40263e3d997717e230099e97bf8,2,,,"[0.1, 0.2]",,0.1,acc,final,0.858
groupdro,0,e1_domain_count_small,domain_count,f3a3a40263e3d997717e230099e97bf8,2,,,"[0.1, 0.2]",,0.1,loss,best,0.34897351264953613
groupdro,0,e1_domain_count_small,domain_count,f3a3a40263e3d997717e230099e97bf8,2,,,"[0.1, 0.2]",,0.1,loss,final,0.34844493865966797
groupdro,0,e1_domain_count_small,domain_count,f3a3a40263e3d997717e230099e97bf8,2,,,"[0.1, 0.2]",,0.2,acc,best,0.7803
groupdro,0,e1_domain_count_small,domain_count,f3a3a40263e3d997717e230099e97bf8,2,,,"[0.1, 0.2]",,0.2,acc,final,0.7803
groupdro,0,e1_domain_count_small,domain_count,f3a3a40263e3d997717e230099e97bf8,2,,,"[0.1, 0.2]",,0.2,loss,best,0.5345421433448792
groupdro,0,e1_domain_count_small,domain_count,f3a3a40263e3d997717e230099e97bf8,2,,,"[0.1, 0.2]",,0.2,loss,final,0.5366792678833008
groupdro,0,e1_domain_count_small,domain_count,f3a3a40263e3d997717e230099e97bf8,2,,,"[0.1, 0.2]",,0.3,acc,best,0.7169
groupdro,0,e1_domain_count_small,domain_count,f3a3a40263e3d997717e230099e97bf8,2,,,"[0.1, 0.2]",,0.3,acc,final,0.7164
groupdro,0,e1_domain_count_small,domain_count,f3a3a40263e3d997717e230099e97bf8,2,,,"[0.1, 0.2]",,0.3,loss,best,0.6699213087558746
groupdro,0,e1_domain_count_small,domain_count,f3a3a40263e3d997717e230099e97bf8,2,,,"[0.1, 0.2]",,0.3,loss,final,0.6744460463523865
groupdro,0,e1_domain_count_small,domain_count,f3a3a40263e3d997717e230099e97bf8,2,,,"[0.1, 0.2]",,0.4,acc,best,0.638
groupdro,0,e1_domain_count_small,domain_count,f3a3a40263e3d997717e230099e97bf8,2,,,"[0.1, 0.2]",,0.4,acc,final,0.6369
groupdro,0,e1_domain_count_small,domain_count,f3a3a40263e3d997717e230099e97bf8,2,,,"[0.1, 0.2]",,0.4,loss,best,0.8536643087863922
groupdro,0,e1_domain_count_small,domain_count,f3a3a40263e3d997717e230099e97bf8,2,,,"[0.1, 0.2]",,0.4,loss,final,0.8611029982566833
groupdro,0,e1_domain_count_small,domain_count,f3a3a40263e3d997717e230099e97bf8,2,,,"[0.1, 0.2]",,0.5,acc,best,0.574
groupdro,0,e1_domain_count_small,domain_count,f3a3a40263e3d997717e230099e97bf8,2,,,"[0.1, 0.2]",,0.5,acc,final,0.5717
groupdro,0,e1_domain_count_small,domain_count,f3a3a40263e3d997717e230099e97bf8,2,,,"[0.1, 0.2]",,0.5,loss,best,0.9755838811397552
groupdro,0,e1_domain_count_small,domain_count,f3a3a40263e3d997717e230099e97bf8,2,,,"[0.1, 0.2]",,0.5,loss,final,0.9852761924266815
groupdro,0,e1_domain_count_small,domain_count,f3a3a40263e3d997717e230099e97bf8,2,,,"[0.1, 0.2]",,0.6,acc,best,0.4961
groupdro,0,e1_domain_count_small,domain_count,f3a3a40263e3d997717e230099e97bf8,2,,,"[0.1, 0.2]",,0.6,acc,final,0.494
groupdro,0,e1_domain_count_small,domain_count,f3a3a40263e3d997717e230099e97bf8,2,,,"[0.1, 0.2]",,0.6,loss,best,1.1670426726341248
groupdro,0,e1_domain_count_small,domain_count,f3a3a40263e3d997717e230099e97bf8,2,,,"[0.1, 0.2]",,0.6,loss,final,1.1792945265769958
groupdro,0,e1_domain_count_small,domain_count,f3a3a40263e3d997717e230099e97bf8,2,,,"[0.1, 0.2]",,0.7,acc,best,0.4292
groupdro,0,e1_domain_count_small,domain_count,f3a3a40263e3d997717e230099e97bf8,2,,,"[0.1, 0.2]",,0.7,acc,final,0.4262
groupdro,0,e1_domain_count_small,domain_count,f3a3a40263e3d997717e230099e97bf8,2,,,"[0.1, 0.2]",,0.7,loss,best,1.336721420288086
groupdro,0,e1_domain_count_small,domain_count,f3a3a40263e3d997717e230099e97bf8,2,,,"[0.1, 0.2]",,0.7,loss,final,1.3517054319381714
groupdro,0,e1_domain_count_small,domain_count,f3a3a40263e3d997717e230099e97bf8,2,,,"[0.1, 0.2]",,0.8,acc,best,0.3555
groupdro,0,e1_domain_count_small,domain_count,f3a3a40263e3d997717e230099e97bf8,2,,,"[0.1, 0.2]",,0.8,acc,final,0.3509
groupdro,0,e1_domain_count_small,domain_count,f3a3a40263e3d997717e230099e97bf8,2,,,"[0.1, 0.2]",,0.8,loss,best,1.4802388548851013
groupdro,0,e1_domain_count_small,domain_count,f3a3a40263e3d997717e230099e97bf8,2,,,"[0.1, 0.2]",,0.8,loss,final,1.497830092906952
groupdro,0,e1_domain_count_small,domain_count,f3a3a40263e3d997717e230099e97bf8,2,,,"[0.1, 0.2]",,0.9,acc,best,0.287
groupdro,0,e1_domain_count_small,domain_count,f3a3a40263e3d997717e230099e97bf8,2,,,"[0.1, 0.2]",,0.9,acc,final,0.2821
groupdro,0,e1_domain_count_small,domain_count,f3a3a40263e3d997717e230099e97bf8,2,,,"[0.1, 0.2]",,0.9,loss,best,1.6172536611557007
groupdro,0,e1_domain_count_small,domain_count,f3a3a40263e3d997717e230099e97bf8,2,,,"[0.1, 0.2]",,0.9,loss,final,1.6371208429336548
groupdro,0,e1_domain_count_small,domain_count,f3a3a40263e3d997717e230099e97bf8,2,,,"[0.1, 0.2]",,1.0,acc,best,0.2115
groupdro,0,e1_domain_count_small,domain_count,f3a3a40263e3d997717e230099e97bf8,2,,,"[0.1, 0.2]",,1.0,acc,final,0.2053
groupdro,0,e1_domain_count_small,domain_count,f3a3a40263e3d997717e230099e97bf8,2,,,"[0.1, 0.2]",,1.0,loss,best,1.8106808066368103
groupdro,0,e1_domain_count_small,domain_count,f3a3a40263e3d997717e230099e97bf8,2,,,"[0.1, 0.2]",,1.0,loss,final,1.833381175994873
groupdro,0,e1_domain_count_small,domain_count,f3a3a40263e3d997717e230099e97bf8,2,,,"[0.1, 0.2]",,avg_domain,acc,best,0.5699363636363636
groupdro,0,e1_domain_count_small,domain_count,f3a3a40263e3d997717e230099e97bf8,2,,,"[0.1, 0.2]",,worst_domain,acc,best,0.2115
groupdro,0,e1_domain_count_small,domain_count,f3a3a40263e3d997717e230099e97bf8,2,,,"[0.1, 0.2]",,best_domain,acc,best,0.9245
groupdro,0,e1_domain_count_small,domain_count,f3a3a40263e3d997717e230099e97bf8,2,,,"[0.1, 0.2]",,avg_domain,acc,final,0.5679272727272727
groupdro,0,e1_domain_count_small,domain_count,f3a3a40263e3d997717e230099e97bf8,2,,,"[0.1, 0.2]",,worst_domain,acc,final,0.2053
groupdro,0,e1_domain_count_small,domain_count,f3a3a40263e3d997717e230099e97bf8,2,,,"[0.1, 0.2]",,best_domain,acc,final,0.9254
erm,0,e1_domain_count_small,domain_count,a81407765f143ce3b1838fecd9f250e1,2,,,"[0.1, 0.2]",,0.0,acc,best,0.965
erm,0,e1_domain_count_small,domain_count,a81407765f143ce3b1838fecd9f250e1,2,,,"[0.1, 0.2]",,0.0,acc,final,0.965
erm,0,e1_domain_count_small,domain_count,a81407765f143ce3b1838fecd9f250e1,2,,,"[0.1, 0.2]",,0.0,loss,best,0.14692088216543198
erm,0,e1_domain_count_small,domain_count,a81407765f143ce3b1838fecd9f250e1,2,,,"[0.1, 0.2]",,0.0,loss,final,0.14692088216543198
erm,0,e1_domain_count_small,domain_count,a81407765f143ce3b1838fecd9f250e1,2,,,"[0.1, 0.2]",,0.1,acc,best,0.875
erm,0,e1_domain_count_small,domain_count,a81407765f143ce3b1838fecd9f250e1,2,,,"[0.1, 0.2]",,0.1,acc,final,0.875
erm,0,e1_domain_count_small,domain_count,a81407765f143ce3b1838fecd9f250e1,2,,,"[0.1, 0.2]",,0.1,loss,best,0.31669454276561737
erm,0,e1_domain_count_small,domain_count,a81407765f143ce3b1838fecd9f250e1,2,,,"[0.1, 0.2]",,0.1,loss,final,0.31669455766677856
erm,0,e1_domain_count_small,domain_count,a81407765f143ce3b1838fecd9f250e1,2,,,"[0.1, 0.2]",,0.2,acc,best,0.7901
erm,0,e1_domain_count_small,domain_count,a81407765f143ce3b1838fecd9f250e1,2,,,"[0.1, 0.2]",,0.2,acc,final,0.7901
erm,0,e1_domain_count_small,domain_count,a81407765f143ce3b1838fecd9f250e1,2,,,"[0.1, 0.2]",,0.2,loss,best,0.4972687214612961
erm,0,e1_domain_count_small,domain_count,a81407765f143ce3b1838fecd9f250e1,2,,,"[0.1, 0.2]",,0.2,loss,final,0.49726875126361847
erm,0,e1_domain_count_small,domain_count,a81407765f143ce3b1838fecd9f250e1,2,,,"[0.1, 0.2]",,0.3,acc,best,0.708
erm,0,e1_domain_count_small,domain_count,a81407765f143ce3b1838fecd9f250e1,2,,,"[0.1, 0.2]",,0.3,acc,final,0.708
erm,0,e1_domain_count_small,domain_count,a81407765f143ce3b1838fecd9f250e1,2,,,"[0.1, 0.2]",,0.3,loss,best,0.6479487121105194
erm,0,e1_domain_count_small,domain_count,a81407765f143ce3b1838fecd9f250e1,2,,,"[0.1, 0.2]",,0.3,loss,final,0.6479487121105194
erm,0,e1_domain_count_small,domain_count,a81407765f143ce3b1838fecd9f250e1,2,,,"[0.1, 0.2]",,0.4,acc,best,0.6235
erm,0,e1_domain_count_small,domain_count,a81407765f143ce3b1838fecd9f250e1,2,,,"[0.1, 0.2]",,0.4,acc,final,0.6235
erm,0,e1_domain_count_small,domain_count,a81407765f143ce3b1838fecd9f250e1,2,,,"[0.1, 0.2]",,0.4,loss,best,0.8186682760715485
erm,0,e1_domain_count_small,domain_count,a81407765f143ce3b1838fecd9f250e1,2,,,"[0.1, 0.2]",,0.4,loss,final,0.8186683058738708
erm,0,e1_domain_count_small,domain_count,a81407765f143ce3b1838fecd9f250e1,2,,,"[0.1, 0.2]",,0.5,acc,best,0.5341
erm,0,e1_domain_count_small,domain_count,a81407765f143ce3b1838fecd9f250e1,2,,,"[0.1, 0.2]",,0.5,acc,final,0.5341
erm,0,e1_domain_count_small,domain_count,a81407765f143ce3b1838fecd9f250e1,2,,,"[0.1, 0.2]",,0.5,loss,best,0.9863542318344116
erm,0,e1_domain_count_small,domain_count,a81407765f143ce3b1838fecd9f250e1,2,,,"[0.1, 0.2]",,0.5,loss,final,0.9863541126251221
erm,0,e1_domain_count_small,domain_count,a81407765f143ce3b1838fecd9f250e1,2,,,"[0.1, 0.2]",,0.6,acc,best,0.4495
erm,0,e1_domain_count_small,domain_count,a81407765f143ce3b1838fecd9f250e1,2,,,"[0.1, 0.2]",,0.6,acc,final,0.4495
erm,0,e1_domain_count_small,domain_count,a81407765f143ce3b1838fecd9f250e1,2,,,"[0.1, 0.2]",,0.6,loss,best,1.1687498688697815
erm,0,e1_domain_count_small,domain_count,a81407765f143ce3b1838fecd9f250e1,2,,,"[0.1, 0.2]",,0.6,loss,final,1.1687499284744263
erm,0,e1_domain_count_small,domain_count,a81407765f143ce3b1838fecd9f250e1,2,,,"[0.1, 0.2]",,0.7,acc,best,0.3639
erm,0,e1_domain_count_small,domain_count,a81407765f143ce3b1838fecd9f250e1,2,,,"[0.1, 0.2]",,0.7,acc,final,0.3639
erm,0,e1_domain_count_small,domain_count,a81407765f143ce3b1838fecd9f250e1,2,,,"[0.1, 0.2]",,0.7,loss,best,1.331677258014679
erm,0,e1_domain_count_small,domain_count,a81407765f143ce3b1838fecd9f250e1,2,,,"[0.1, 0.2]",,0.7,loss,final,1.331677258014679
erm,0,e1_domain_count_small,domain_count,a81407765f143ce3b1838fecd9f250e1,2,,,"[0.1, 0.2]",,0.8,acc,best,0.2777
erm,0,e1_domain_count_small,domain_count,a81407765f143ce3b1838fecd9f250e1,2,,,"[0.1, 0.2]",,0.8,acc,final,0.2777
erm,0,e1_domain_count_small,domain_count,a81407765f143ce3b1838fecd9f250e1,2,,,"[0.1, 0.2]",,0.8,loss,best,1.4989976286888123
erm,0,e1_domain_count_small,domain_count,a81407765f143ce3b1838fecd9f250e1,2,,,"[0.1, 0.2]",,0.8,loss,final,1.4989976286888123
erm,0,e1_domain_count_small,domain_count,a81407765f143ce3b1838fecd9f250e1,2,,,"[0.1, 0.2]",,0.9,acc,best,0.1923
erm,0,e1_domain_count_small,domain_count,a81407765f143ce3b1838fecd9f250e1,2,,,"[0.1, 0.2]",,0.9,acc,final,0.1923
erm,0,e1_domain_count_small,domain_count,a81407765f143ce3b1838fecd9f250e1,2,,,"[0.1, 0.2]",,0.9,loss,best,1.646754801273346
erm,0,e1_domain_count_small,domain_count,a81407765f143ce3b1838fecd9f250e1,2,,,"[0.1, 0.2]",,0.9,loss,final,1.6467548608779907
erm,0,e1_domain_count_small,domain_count,a81407765f143ce3b1838fecd9f250e1,2,,,"[0.1, 0.2]",,1.0,acc,best,0.1054
erm,0,e1_domain_count_small,domain_count,a81407765f143ce3b1838fecd9f250e1,2,,,"[0.1, 0.2]",,1.0,acc,final,0.1054
erm,0,e1_domain_count_small,domain_count,a81407765f143ce3b1838fecd9f250e1,2,,,"[0.1, 0.2]",,1.0,loss,best,1.8404438495635986
erm,0,e1_domain_count_small,domain_count,a81407765f143ce3b1838fecd9f250e1,2,,,"[0.1, 0.2]",,1.0,loss,final,1.8404439091682434
erm,0,e1_domain_count_small,domain_count,a81407765f143ce3b1838fecd9f250e1,2,,,"[0.1, 0.2]",,avg_domain,acc,best,0.5349545454545456
erm,0,e1_domain_count_small,domain_count,a81407765f143ce3b1838fecd9f250e1,2,,,"[0.1, 0.2]",,worst_domain,acc,best,0.1054
erm,0,e1_domain_count_small,domain_count,a81407765f143ce3b1838fecd9f250e1,2,,,"[0.1, 0.2]",,best_domain,acc,best,0.965
erm,0,e1_domain_count_small,domain_count,a81407765f143ce3b1838fecd9f250e1,2,,,"[0.1, 0.2]",,avg_domain,acc,final,0.5349545454545456
erm,0,e1_domain_count_small,domain_count,a81407765f143ce3b1838fecd9f250e1,2,,,"[0.1, 0.2]",,worst_domain,acc,final,0.1054
erm,0,e1_domain_count_small,domain_count,a81407765f143ce3b1838fecd9f250e1,2,,,"[0.1, 0.2]",,best_domain,acc,final,0.965
erm,0,e2_sample_size_small,sample_size,314850a30cf0dc91c2dfbb7f2798a1e8,4,2000.0,balanced,"[0.01, 0.12, 0.5, 0.99]","[2000, 2000, 2000, 2000]",0.0,acc,best,0.7643
erm,0,e2_sample_size_small,sample_size,314850a30cf0dc91c2dfbb7f2798a1e8,4,2000.0,balanced,"[0.01, 0.12, 0.5, 0.99]","[2000, 2000, 2000, 2000]",0.0,acc,final,0.725
erm,0,e2_sample_size_small,sample_size,314850a30cf0dc91c2dfbb7f2798a1e8,4,2000.0,balanced,"[0.01, 0.12, 0.5, 0.99]","[2000, 2000, 2000, 2000]",0.0,loss,best,0.48126035928726196
erm,0,e2_sample_size_small,sample_size,314850a30cf0dc91c2dfbb7f2798a1e8,4,2000.0,balanced,"[0.01, 0.12, 0.5, 0.99]","[2000, 2000, 2000, 2000]",0.0,loss,final,0.8585338294506073
erm,0,e2_sample_size_small,sample_size,314850a30cf0dc91c2dfbb7f2798a1e8,4,2000.0,balanced,"[0.01, 0.12, 0.5, 0.99]","[2000, 2000, 2000, 2000]",0.1,acc,best,0.7503
erm,0,e2_sample_size_small,sample_size,314850a30cf0dc91c2dfbb7f2798a1e8,4,2000.0,balanced,"[0.01, 0.12, 0.5, 0.99]","[2000, 2000, 2000, 2000]",0.1,acc,final,0.7097
erm,0,e2_sample_size_small,sample_size,314850a30cf0dc91c2dfbb7f2798a1e8,4,2000.0,balanced,"[0.01, 0.12, 0.5, 0.99]","[2000, 2000, 2000, 2000]",0.1,loss,best,0.5128680467605591
erm,0,e2_sample_size_small,sample_size,314850a30cf0dc91c2dfbb7f2798a1e8,4,2000.0,balanced,"[0.01, 0.12, 0.5, 0.99]","[2000, 2000, 2000, 2000]",0.1,loss,final,0.9112298786640167
erm,0,e2_sample_size_small,sample_size,314850a30cf0dc91c2dfbb7f2798a1e8,4,2000.0,balanced,"[0.01, 0.12, 0.5, 0.99]","[2000, 2000, 2000, 2000]",0.2,acc,best,0.7406
erm,0,e2_sample_size_small,sample_size,314850a30cf0dc91c2dfbb7f2798a1e8,4,2000.0,balanced,"[0.01, 0.12, 0.5, 0.99]","[2000, 2000, 2000, 2000]",0.2,acc,final,0.7014
erm,0,e2_sample_size_small,sample_size,314850a30cf0dc91c2dfbb7f2798a1e8,4,2000.0,balanced,"[0.01, 0.12, 0.5, 0.99]","[2000, 2000, 2000, 2000]",0.2,loss,best,0.5392305850982666
erm,0,e2_sample_size_small,sample_size,314850a30cf0dc91c2dfbb7f2798a1e8,4,2000.0,balanced,"[0.01, 0.12, 0.5, 0.99]","[2000, 2000, 2000, 2000]",0.2,loss,final,0.9643078744411469
erm,0,e2_sample_size_small,sample_size,314850a30cf0dc91c2dfbb7f2798a1e8,4,2000.0,balanced,"[0.01, 0.12, 0.5, 0.99]","[2000, 2000, 2000, 2000]",0.3,acc,best,0.7072
erm,0,e2_sample_size_small,sample_size,314850a30cf0dc91c2dfbb7f2798a1e8,4,2000.0,balanced,"[0.01, 0.12, 0.5, 0.99]","[2000, 2000, 2000, 2000]",0.3,acc,final,0.6713
erm,0,e2_sample_size_small,sample_size,314850a30cf0dc91c2dfbb7f2798a1e8,4,2000.0,balanced,"[0.01, 0.12, 0.5, 0.99]","[2000, 2000, 2000, 2000]",0.3,loss,best,0.5958085060119629
erm,0,e2_sample_size_small,sample_size,314850a30cf0dc91c2dfbb7f2798a1e8,4,2000.0,balanced,"[0.01, 0.12, 0.5, 0.99]","[2000, 2000, 2000, 2000]",0.3,loss,final,1.0858283638954163
erm,0,e2_sample_size_small,sample_size,314850a30cf0dc91c2dfbb7f2798a1e8,4,2000.0,balanced,"[0.01, 0.12, 0.5, 0.99]","[2000, 2000, 2000, 2000]",0.4,acc,best,0.6916
erm,0,e2_sample_size_small,sample_size,314850a30cf0dc91c2dfbb7f2798a1e8,4,2000.0,balanced,"[0.01, 0.12, 0.5, 0.99]","[2000, 2000, 2000, 2000]",0.4,acc,final,0.6602
erm,0,e2_sample_size_small,sample_size,314850a30cf0dc91c2dfbb7f2798a1e8,4,2000.0,balanced,"[0.01, 0.12, 0.5, 0.99]","[2000, 2000, 2000, 2000]",0.4,loss,best,0.6315862834453583
erm,0,e2_sample_size_small,sample_size,314850a30cf0dc91c2dfbb7f2798a1e8,4,2000.0,balanced,"[0.01, 0.12, 0.5, 0.99]","[2000, 2000, 2000, 2000]",0.4,loss,final,1.1611392498016357
erm,0,e2_sample_size_small,sample_size,314850a30cf0dc91c2dfbb7f2798a1e8,4,2000.0,balanced,"[0.01, 0.12, 0.5, 0.99]","[2000, 2000, 2000, 2000]",0.5,acc,best,0.6892
erm,0,e2_sample_size_small,sample_size,314850a30cf0dc91c2dfbb7f2798a1e8,4,2000.0,balanced,"[0.01, 0.12, 0.5, 0.99]","[2000, 2000, 2000, 2000]",0.5,acc,final,0.6523
erm,0,e2_sample_size_small,sample_size,314850a30cf0dc91c2dfbb7f2798a1e8,4,2000.0,balanced,"[0.01, 0.12, 0.5, 0.99]","[2000, 2000, 2000, 2000]",0.5,loss,best,0.6480710208415985
erm,0,e2_sample_size_small,sample_size,314850a30cf0dc91c2dfbb7f2798a1e8,4,2000.0,balanced,"[0.01, 0.12, 0.5, 0.99]","[2000, 2000, 2000, 2000]",0.5,loss,final,1.1705679297447205
erm,0,e2_sample_size_small,sample_size,314850a30cf0dc91c2dfbb7f2798a1e8,4,2000.0,balanced,"[0.01, 0.12, 0.5, 0.99]","[2000, 2000, 2000, 2000]",0.6,acc,best,0.6581
erm,0,e2_sample_size_small,sample_size,314850a30cf0dc91c2dfbb7f2798a1e8,4,2000.0,balanced,"[0.01, 0.12, 0.5, 0.99]","[2000, 2000, 2000, 2000]",0.6,acc,final,0.6262
erm,0,e2_sample_size_small,sample_size,314850a30cf0dc91c2dfbb7f2798a1e8,4,2000.0,balanced,"[0.01, 0.12, 0.5, 0.99]","[2000, 2000, 2000, 2000]",0.6,loss,best,0.6958299875259399
erm,0,e2_sample_size_small,sample_size,314850a30cf0dc91c2dfbb7f2798a1e8,4,2000.0,balanced,"[0.01, 0.12, 0.5, 0.99]","[2000, 2000, 2000, 2000]",0.6,loss,final,1.2725555300712585
erm,0,e2_sample_size_small,sample_size,314850a30cf0dc91c2dfbb7f2798a1e8,4,2000.0,balanced,"[0.01, 0.12, 0.5, 0.99]","[2000, 2000, 2000, 2000]",0.7,acc,best,0.6415
erm,0,e2_sample_size_small,sample_size,314850a30cf0dc91c2dfbb7f2798a1e8,4,2000.0,balanced,"[0.01, 0.12, 0.5, 0.99]","[2000, 2000, 2000, 2000]",0.7,acc,final,0.6071
erm,0,e2_sample_size_small,sample_size,314850a30cf0dc91c2dfbb7f2798a1e8,4,2000.0,balanced,"[0.01, 0.12, 0.5, 0.99]","[2000, 2000, 2000, 2000]",0.7,loss,best,0.7345596551895142
erm,0,e2_sample_size_small,sample_size,314850a30cf0dc91c2dfbb7f2798a1e8,4,2000.0,balanced,"[0.01, 0.12, 0.5, 0.99]","[2000, 2000, 2000, 2000]",0.7,loss,final,1.3556902408599854
erm,0,e2_sample_size_small,sample_size,314850a30cf0dc91c2dfbb7f2798a1e8,4,2000.0,balanced,"[0.01, 0.12, 0.5, 0.99]","[2000, 2000, 2000, 2000]",0.8,acc,best,0.6251
erm,0,e2_sample_size_small,sample_size,314850a30cf0dc91c2dfbb7f2798a1e8,4,2000.0,balanced,"[0.01, 0.12, 0.5, 0.99]","[2000, 2000, 2000, 2000]",0.8,acc,final,0.589
erm,0,e2_sample_size_small,sample_size,314850a30cf0dc91c2dfbb7f2798a1e8,4,2000.0,balanced,"[0.01, 0.12, 0.5, 0.99]","[2000, 2000, 2000, 2000]",0.8,loss,best,0.7720164060592651
erm,0,e2_sample_size_small,sample_size,314850a30cf0dc91c2dfbb7f2798a1e8,4,2000.0,balanced,"[0.01, 0.12, 0.5, 0.99]","[2000, 2000, 2000, 2000]",0.8,loss,final,1.4081827998161316
erm,0,e2_sample_size_small,sample_size,314850a30cf0dc91c2dfbb7f2798a1e8,4,2000.0,balanced,"[0.01, 0.12, 0.5, 0.99]","[2000, 2000, 2000, 2000]",0.9,acc,best,0.6098
erm,0,e2_sample_size_small,sample_size,314850a30cf0dc91c2dfbb7f2798a1e8,4,2000.0,balanced,"[0.01, 0.12, 0.5, 0.99]","[2000, 2000, 2000, 2000]",0.9,acc,final,0.5771
erm,0,e2_sample_size_small,sample_size,314850a30cf0dc91c2dfbb7f2798a1e8,4,2000.0,balanced,"[0.01, 0.12, 0.5, 0.99]","[2000, 2000, 2000, 2000]",0.9,loss,best,0.8008713126182556
erm,0,e2_sample_size_small,sample_size,314850a30cf0dc91c2dfbb7f2798a1e8,4,2000.0,balanced,"[0.01, 0.12, 0.5, 0.99]","[2000, 2000, 2000, 2000]",0.9,loss,final,1.4746485948562622
erm,0,e2_sample_size_small,sample_size,314850a30cf0dc91c2dfbb7f2798a1e8,4,2000.0,balanced,"[0.01, 0.12, 0.5, 0.99]","[2000, 2000, 2000, 2000]",1.0,acc,best,0.5824
erm,0,e2_sample_size_small,sample_size,314850a30cf0dc91c2dfbb7f2798a1e8,4,2000.0,balanced,"[0.01, 0.12, 0.5, 0.99]","[2000, 2000, 2000, 2000]",1.0,acc,final,0.5517
erm,0,e2_sample_size_small,sample_size,314850a30cf0dc91c2dfbb7f2798a1e8,4,2000.0,balanced,"[0.01, 0.12, 0.5, 0.99]","[2000, 2000, 2000, 2000]",1.0,loss,best,0.8489912450313568
erm,0,e2_sample_size_small,sample_size,314850a30cf0dc91c2dfbb7f2798a1e8,4,2000.0,balanced,"[0.01, 0.12, 0.5, 0.99]","[2000, 2000, 2000, 2000]",1.0,loss,final,1.5530357956886292
erm,0,e2_sample_size_small,sample_size,314850a30cf0dc91c2dfbb7f2798a1e8,4,2000.0,balanced,"[0.01, 0.12, 0.5, 0.99]","[2000, 2000, 2000, 2000]",avg_domain,acc,best,0.678190909090909
erm,0,e2_sample_size_small,sample_size,314850a30cf0dc91c2dfbb7f2798a1e8,4,2000.0,balanced,"[0.01, 0.12, 0.5, 0.99]","[2000, 2000, 2000, 2000]",worst_domain,acc,best,0.5824
erm,0,e2_sample_size_small,sample_size,314850a30cf0dc91c2dfbb7f2798a1e8,4,2000.0,balanced,"[0.01, 0.12, 0.5, 0.99]","[2000, 2000, 2000, 2000]",best_domain,acc,best,0.7643
erm,0,e2_sample_size_small,sample_size,314850a30cf0dc91c2dfbb7f2798a1e8,4,2000.0,balanced,"[0.01, 0.12, 0.5, 0.99]","[2000, 2000, 2000, 2000]",avg_domain,acc,final,0.6428181818181818
erm,0,e2_sample_size_small,sample_size,314850a30cf0dc91c2dfbb7f2798a1e8,4,2000.0,balanced,"[0.01, 0.12, 0.5, 0.99]","[2000, 2000, 2000, 2000]",worst_domain,acc,final,0.5517
erm,0,e2_sample_size_small,sample_size,314850a30cf0dc91c2dfbb7f2798a1e8,4,2000.0,balanced,"[0.01, 0.12, 0.5, 0.99]","[2000, 2000, 2000, 2000]",best_domain,acc,final,0.725
groupdro,0,e2_sample_size_small,sample_size,486773f360fe481b62d7ef58fd93ec95,4,2000.0,balanced,"[0.01, 0.12, 0.5, 0.99]","[2000, 2000, 2000, 2000]",0.0,acc,best,0.7063
groupdro,0,e2_sample_size_small,sample_size,486773f360fe481b62d7ef58fd93ec95,4,2000.0,balanced,"[0.01, 0.12, 0.5, 0.99]","[2000, 2000, 2000, 2000]",0.0,acc,final,0.711
groupdro,0,e2_sample_size_small,sample_size,486773f360fe481b62d7ef58fd93ec95,4,2000.0,balanced,"[0.01, 0.12, 0.5, 0.99]","[2000, 2000, 2000, 2000]",0.0,loss,best,0.8315821886062622
groupdro,0,e2_sample_size_small,sample_size,486773f360fe481b62d7ef58fd93ec95,4,2000.0,balanced,"[0.01, 0.12, 0.5, 0.99]","[2000, 2000, 2000, 2000]",0.0,loss,final,0.96135613322258
groupdro,0,e2_sample_size_small,sample_size,486773f360fe481b62d7ef58fd93ec95,4,2000.0,balanced,"[0.01, 0.12, 0.5, 0.99]","[2000, 2000, 2000, 2000]",0.1,acc,best,0.6965
groupdro,0,e2_sample_size_small,sample_size,486773f360fe481b62d7ef58fd93ec95,4,2000.0,balanced,"[0.01, 0.12, 0.5, 0.99]","[2000, 2000, 2000, 2000]",0.1,acc,final,0.6984
groupdro,0,e2_sample_size_small,sample_size,486773f360fe481b62d7ef58fd93ec95,4,2000.0,balanced,"[0.01, 0.12, 0.5, 0.99]","[2000, 2000, 2000, 2000]",0.1,loss,best,0.8547252714633942
groupdro,0,e2_sample_size_small,sample_size,486773f360fe481b62d7ef58fd93ec95,4,2000.0,balanced,"[0.01, 0.12, 0.5, 0.99]","[2000, 2000, 2000, 2000]",0.1,loss,final,1.0031928718090057
groupdro,0,e2_sample_size_small,sample_size,486773f360fe481b62d7ef58fd93ec95,4,2000.0,balanced,"[0.01, 0.12, 0.5, 0.99]","[2000, 2000, 2000, 2000]",0.2,acc,best,0.6817
groupdro,0,e2_sample_size_small,sample_size,486773f360fe481b62d7ef58fd93ec95,4,2000.0,balanced,"[0.01, 0.12, 0.5, 0.99]","[2000, 2000, 2000, 2000]",0.2,acc,final,0.6825
groupdro,0,e2_sample_size_small,sample_size,486773f360fe481b62d7ef58fd93ec95,4,2000.0,balanced,"[0.01, 0.12, 0.5, 0.99]","[2000, 2000, 2000, 2000]",0.2,loss,best,0.9107426702976227
groupdro,0,e2_sample_size_small,sample_size,486773f360fe481b62d7ef58fd93ec95,4,2000.0,balanced,"[0.01, 0.12, 0.5, 0.99]","[2000, 2000, 2000, 2000]",0.2,loss,final,1.0813278555870056
groupdro,0,e2_sample_size_small,sample_size,486773f360fe481b62d7ef58fd93ec95,4,2000.0,balanced,"[0.01, 0.12, 0.5, 0.99]","[2000, 2000, 2000, 2000]",0.3,acc,best,0.6674
groupdro,0,e2_sample_size_small,sample_size,486773f360fe481b62d7ef58fd93ec95,4,2000.0,balanced,"[0.01, 0.12, 0.5, 0.99]","[2000, 2000, 2000, 2000]",0.3,acc,final,0.6642
groupdro,0,e2_sample_size_small,sample_size,486773f360fe481b62d7ef58fd93ec95,4,2000.0,balanced,"[0.01, 0.12, 0.5, 0.99]","[2000, 2000, 2000, 2000]",0.3,loss,best,0.9524289667606354
groupdro,0,e2_sample_size_small,sample_size,486773f360fe481b62d7ef58fd93ec95,4,2000.0,balanced,"[0.01, 0.12, 0.5, 0.99]","[2000, 2000, 2000, 2000]",0.3,loss,final,1.1465968489646912
groupdro,0,e2_sample_size_small,sample_size,486773f360fe481b62d7ef58fd93ec95,4,2000.0,balanced,"[0.01, 0.12, 0.5, 0.99]","[2000, 2000, 2000, 2000]",0.4,acc,best,0.6584
groupdro,0,e2_sample_size_small,sample_size,486773f360fe481b62d7ef58fd93ec95,4,2000.0,balanced,"[0.01, 0.12, 0.5, 0.99]","[2000, 2000, 2000, 2000]",0.4,acc,final,0.6529
groupdro,0,e2_sample_size_small,sample_size,486773f360fe481b62d7ef58fd93ec95,4,2000.0,balanced,"[0.01, 0.12, 0.5, 0.99]","[2000, 2000, 2000, 2000]",0.4,loss,best,0.9788058400154114
groupdro,0,e2_sample_size_small,sample_size,486773f360fe481b62d7ef58fd93ec95,4,2000.0,balanced,"[0.01, 0.12, 0.5, 0.99]","[2000, 2000, 2000, 2000]",0.4,loss,final,1.189537763595581
groupdro,0,e2_sample_size_small,sample_size,486773f360fe481b62d7ef58fd93ec95,4,2000.0,balanced,"[0.01, 0.12, 0.5, 0.99]","[2000, 2000, 2000, 2000]",0.5,acc,best,0.6517
groupdro,0,e2_sample_size_small,sample_size,486773f360fe481b62d7ef58fd93ec95,4,2000.0,balanced,"[0.01, 0.12, 0.5, 0.99]","[2000, 2000, 2000, 2000]",0.5,acc,final,0.6406
groupdro,0,e2_sample_size_small,sample_size,486773f360fe481b62d7ef58fd93ec95,4,2000.0,balanced,"[0.01, 0.12, 0.5, 0.99]","[2000, 2000, 2000, 2000]",0.5,loss,best,1.0142779350280762
groupdro,0,e2_sample_size_small,sample_size,486773f360fe481b62d7ef58fd93ec95,4,2000.0,balanced,"[0.01, 0.12, 0.5, 0.99]","[2000, 2000, 2000, 2000]",0.5,loss,final,1.2474234104156494
groupdro,0,e2_sample_size_small,sample_size,486773f360fe481b62d7ef58fd93ec95,4,2000.0,balanced,"[0.01, 0.12, 0.5, 0.99]","[2000, 2000, 2000, 2000]",0.6,acc,best,0.646
groupdro,0,e2_sample_size_small,sample_size,486773f360fe481b62d7ef58fd93ec95,4,2000.0,balanced,"[0.01, 0.12, 0.5, 0.99]","[2000, 2000, 2000, 2000]",0.6,acc,final,0.637
groupdro,0,e2_sample_size_small,sample_size,486773f360fe481b62d7ef58fd93ec95,4,2000.0,balanced,"[0.01, 0.12, 0.5, 0.99]","[2000, 2000, 2000, 2000]",0.6,loss,best,1.0489574670791626
groupdro,0,e2_sample_size_small,sample_size,486773f360fe481b62d7ef58fd93ec95,4,2000.0,balanced,"[0.01, 0.12, 0.5, 0.99]","[2000, 2000, 2000, 2000]",0.6,loss,final,1.299120545387268
groupdro,0,e2_sample_size_small,sample_size,486773f360fe481b62d7ef58fd93ec95,4,2000.0,balanced,"[0.01, 0.12, 0.5, 0.99]","[2000, 2000, 2000, 2000]",0.7,acc,best,0.6278
groupdro,0,e2_sample_size_small,sample_size,486773f360fe481b62d7ef58fd93ec95,4,2000.0,balanced,"[0.01, 0.12, 0.5, 0.99]","[2000, 2000, 2000, 2000]",0.7,acc,final,0.6189
groupdro,0,e2_sample_size_small,sample_size,486773f360fe481b62d7ef58fd93ec95,4,2000.0,balanced,"[0.01, 0.12, 0.5, 0.99]","[2000, 2000, 2000, 2000]",0.7,loss,best,1.094593107700348
groupdro,0,e2_sample_size_small,sample_size,486773f360fe481b62d7ef58fd93ec95,4,2000.0,balanced,"[0.01, 0.12, 0.5, 0.99]","[2000, 2000, 2000, 2000]",0.7,loss,final,1.3637484908103943
groupdro,0,e2_sample_size_small,sample_size,486773f360fe481b62d7ef58fd93ec95,4,2000.0,balanced,"[0.01, 0.12, 0.5, 0.99]","[2000, 2000, 2000, 2000]",0.8,acc,best,0.6209
groupdro,0,e2_sample_size_small,sample_size,486773f360fe481b62d7ef58fd93ec95,4,2000.0,balanced,"[0.01, 0.12, 0.5, 0.99]","[2000, 2000, 2000, 2000]",0.8,acc,final,0.6107
groupdro,0,e2_sample_size_small,sample_size,486773f360fe481b62d7ef58fd93ec95,4,2000.0,balanced,"[0.01, 0.12, 0.5, 0.99]","[2000, 2000, 2000, 2000]",0.8,loss,best,1.1068665385246277
groupdro,0,e2_sample_size_small,sample_size,486773f360fe481b62d7ef58fd93ec95,4,2000.0,balanced,"[0.01, 0.12, 0.5, 0.99]","[2000, 2000, 2000, 2000]",0.8,loss,final,1.3875845074653625
groupdro,0,e2_sample_size_small,sample_size,486773f360fe481b62d7ef58fd93ec95,4,2000.0,balanced,"[0.01, 0.12, 0.5, 0.99]","[2000, 2000, 2000, 2000]",0.9,acc,best,0.6086
groupdro,0,e2_sample_size_small,sample_size,486773f360fe481b62d7ef58fd93ec95,4,2000.0,balanced,"[0.01, 0.12, 0.5, 0.99]","[2000, 2000, 2000, 2000]",0.9,acc,final,0.5937
groupdro,0,e2_sample_size_small,sample_size,486773f360fe481b62d7ef58fd93ec95,4,2000.0,balanced,"[0.01, 0.12, 0.5, 0.99]","[2000, 2000, 2000, 2000]",0.9,loss,best,1.1678107380867004
groupdro,0,e2_sample_size_small,sample_size,486773f360fe481b62d7ef58fd93ec95,4,2000.0,balanced,"[0.01, 0.12, 0.5, 0.99]","[2000, 2000, 2000, 2000]",0.9,loss,final,1.4796462655067444
groupdro,0,e2_sample_size_small,sample_size,486773f360fe481b62d7ef58fd93ec95,4,2000.0,balanced,"[0.01, 0.12, 0.5, 0.99]","[2000, 2000, 2000, 2000]",1.0,acc,best,0.5977
groupdro,0,e2_sample_size_small,sample_size,486773f360fe481b62d7ef58fd93ec95,4,2000.0,balanced,"[0.01, 0.12, 0.5, 0.99]","[2000, 2000, 2000, 2000]",1.0,acc,final,0.5807
groupdro,0,e2_sample_size_small,sample_size,486773f360fe481b62d7ef58fd93ec95,4,2000.0,balanced,"[0.01, 0.12, 0.5, 0.99]","[2000, 2000, 2000, 2000]",1.0,loss,best,1.2101482152938843
groupdro,0,e2_sample_size_small,sample_size,486773f360fe481b62d7ef58fd93ec95,4,2000.0,balanced,"[0.01, 0.12, 0.5, 0.99]","[2000, 2000, 2000, 2000]",1.0,loss,final,1.5435776710510254
groupdro,0,e2_sample_size_small,sample_size,486773f360fe481b62d7ef58fd93ec95,4,2000.0,balanced,"[0.01, 0.12, 0.5, 0.99]","[2000, 2000, 2000, 2000]",avg_domain,acc,best,0.6511818181818181
groupdro,0,e2_sample_size_small,sample_size,486773f360fe481b62d7ef58fd93ec95,4,2000.0,balanced,"[0.01, 0.12, 0.5, 0.99]","[2000, 2000, 2000, 2000]",worst_domain,acc,best,0.5977
groupdro,0,e2_sample_size_small,sample_size,486773f360fe481b62d7ef58fd93ec95,4,2000.0,balanced,"[0.01, 0.12, 0.5, 0.99]","[2000, 2000, 2000, 2000]",best_domain,acc,best,0.7063
groupdro,0,e2_sample_size_small,sample_size,486773f360fe481b62d7ef58fd93ec95,4,2000.0,balanced,"[0.01, 0.12, 0.5, 0.99]","[2000, 2000, 2000, 2000]",avg_domain,acc,final,0.6446000000000001
groupdro,0,e2_sample_size_small,sample_size,486773f360fe481b62d7ef58fd93ec95,4,2000.0,balanced,"[0.01, 0.12, 0.5, 0.99]","[2000, 2000, 2000, 2000]",worst_domain,acc,final,0.5807
groupdro,0,e2_sample_size_small,sample_size,486773f360fe481b62d7ef58fd93ec95,4,2000.0,balanced,"[0.01, 0.12, 0.5, 0.99]","[2000, 2000, 2000, 2000]",best_domain,acc,final,0.711
iro,0,e2_sample_size_small,sample_size,3e6af44dc9ea469b5070f0f73f61d520,4,2000.0,balanced,"[0.01, 0.12, 0.5, 0.99]","[2000, 2000, 2000, 2000]",0.0,acc,best,0.6962
iro,0,e2_sample_size_small,sample_size,3e6af44dc9ea469b5070f0f73f61d520,4,2000.0,balanced,"[0.01, 0.12, 0.5, 0.99]","[2000, 2000, 2000, 2000]",0.0,acc,final,0.6983
iro,0,e2_sample_size_small,sample_size,3e6af44dc9ea469b5070f0f73f61d520,4,2000.0,balanced,"[0.01, 0.12, 0.5, 0.99]","[2000, 2000, 2000, 2000]",0.0,loss,best,0.6238516271114349
iro,0,e2_sample_size_small,sample_size,3e6af44dc9ea469b5070f0f73f61d520,4,2000.0,balanced,"[0.01, 0.12, 0.5, 0.99]","[2000, 2000, 2000, 2000]",0.0,loss,final,0.6202597916126251
iro,0,e2_sample_size_small,sample_size,3e6af44dc9ea469b5070f0f73f61d520,4,2000.0,balanced,"[0.01, 0.12, 0.5, 0.99]","[2000, 2000, 2000, 2000]",0.1,acc,best,0.694
iro,0,e2_sample_size_small,sample_size,3e6af44dc9ea469b5070f0f73f61d520,4,2000.0,balanced,"[0.01, 0.12, 0.5, 0.99]","[2000, 2000, 2000, 2000]",0.1,acc,final,0.6966
iro,0,e2_sample_size_small,sample_size,3e6af44dc9ea469b5070f0f73f61d520,4,2000.0,balanced,"[0.01, 0.12, 0.5, 0.99]","[2000, 2000, 2000, 2000]",0.1,loss,best,0.6262297034263611
iro,0,e2_sample_size_small,sample_size,3e6af44dc9ea469b5070f0f73f61d520,4,2000.0,balanced,"[0.01, 0.12, 0.5, 0.99]","[2000, 2000, 2000, 2000]",0.1,loss,final,0.6230227947235107
iro,0,e2_sample_size_small,sample_size,3e6af44dc9ea469b5070f0f73f61d520,4,2000.0,balanced,"[0.01, 0.12, 0.5, 0.99]","[2000, 2000, 2000, 2000]",0.2,acc,best,0.6968
iro,0,e2_sample_size_small,sample_size,3e6af44dc9ea469b5070f0f73f61d520,4,2000.0,balanced,"[0.01, 0.12, 0.5, 0.99]","[2000, 2000, 2000, 2000]",0.2,acc,final,0.6986
iro,0,e2_sample_size_small,sample_size,3e6af44dc9ea469b5070f0f73f61d520,4,2000.0,balanced,"[0.01, 0.12, 0.5, 0.99]","[2000, 2000, 2000, 2000]",0.2,loss,best,0.6257085800170898
iro,0,e2_sample_size_small,sample_size,3e6af44dc9ea469b5070f0f73f61d520,4,2000.0,balanced,"[0.01, 0.12, 0.5, 0.99]","[2000, 2000, 2000, 2000]",0.2,loss,final,0.6228873133659363
iro,0,e2_sample_size_small,sample_size,3e6af44dc9ea469b5070f0f73f61d520,4,2000.0,balanced,"[0.01, 0.12, 0.5, 0.99]","[2000, 2000, 2000, 2000]",0.3,acc,best,0.6866
iro,0,e2_sample_size_small,sample_size,3e6af44dc9ea469b5070f0f73f61d520,4,2000.0,balanced,"[0.01, 0.12, 0.5, 0.99]","[2000, 2000, 2000, 2000]",0.3,acc,final,0.6891
iro,0,e2_sample_size_small,sample_size,3e6af44dc9ea469b5070f0f73f61d520,4,2000.0,balanced,"[0.01, 0.12, 0.5, 0.99]","[2000, 2000, 2000, 2000]",0.3,loss,best,0.621085524559021
iro,0,e2_sample_size_small,sample_size,3e6af44dc9ea469b5070f0f73f61d520,4,2000.0,balanced,"[0.01, 0.12, 0.5, 0.99]","[2000, 2000, 2000, 2000]",0.3,loss,final,0.6196146607398987
iro,0,e2_sample_size_small,sample_size,3e6af44dc9ea469b5070f0f73f61d520,4,2000.0,balanced,"[0.01, 0.12, 0.5, 0.99]","[2000, 2000, 2000, 2000]",0.4,acc,best,0.6831
iro,0,e2_sample_size_small,sample_size,3e6af44dc9ea469b5070f0f73f61d520,4,2000.0,balanced,"[0.01, 0.12, 0.5, 0.99]","[2000, 2000, 2000, 2000]",0.4,acc,final,0.6847
iro,0,e2_sample_size_small,sample_size,3e6af44dc9ea469b5070f0f73f61d520,4,2000.0,balanced,"[0.01, 0.12, 0.5, 0.99]","[2000, 2000, 2000, 2000]",0.4,loss,best,0.6240899562835693
iro,0,e2_sample_size_small,sample_size,3e6af44dc9ea469b5070f0f73f61d520,4,2000.0,balanced,"[0.01, 0.12, 0.5, 0.99]","[2000, 2000, 2000, 2000]",0.4,loss,final,0.6236165761947632
iro,0,e2_sample_size_small,sample_size,3e6af44dc9ea469b5070f0f73f61d520,4,2000.0,balanced,"[0.01, 0.12, 0.5, 0.99]","[2000, 2000, 2000, 2000]",0.5,acc,best,0.6869
iro,0,e2_sample_size_small,sample_size,3e6af44dc9ea469b5070f0f73f61d520,4,2000.0,balanced,"[0.01, 0.12, 0.5, 0.99]","[2000, 2000, 2000, 2000]",0.5,acc,final,0.6862
iro,0,e2_sample_size_small,sample_size,3e6af44dc9ea469b5070f0f73f61d520,4,2000.0,balanced,"[0.01, 0.12, 0.5, 0.99]","[2000, 2000, 2000, 2000]",0.5,loss,best,0.6262812912464142
iro,0,e2_sample_size_small,sample_size,3e6af44dc9ea469b5070f0f73f61d520,4,2000.0,balanced,"[0.01, 0.12, 0.5, 0.99]","[2000, 2000, 2000, 2000]",0.5,loss,final,0.6265566051006317
iro,0,e2_sample_size_small,sample_size,3e6af44dc9ea469b5070f0f73f61d520,4,2000.0,balanced,"[0.01, 0.12, 0.5, 0.99]","[2000, 2000, 2000, 2000]",0.6,acc,best,0.6726
iro,0,e2_sample_size_small,sample_size,3e6af44dc9ea469b5070f0f73f61d520,4,2000.0,balanced,"[0.01, 0.12, 0.5, 0.99]","[2000, 2000, 2000, 2000]",0.6,acc,final,0.6725
iro,0,e2_sample_size_small,sample_size,3e6af44dc9ea469b5070f0f73f61d520,4,2000.0,balanced,"[0.01, 0.12, 0.5, 0.99]","[2000, 2000, 2000, 2000]",0.6,loss,best,0.632601797580719
iro,0,e2_sample_size_small,sample_size,3e6af44dc9ea469b5070f0f73f61d520,4,2000.0,balanced,"[0.01, 0.12, 0.5, 0.99]","[2000, 2000, 2000, 2000]",0.6,loss,final,0.6336628198623657
iro,0,e2_sample_size_small,sample_size,3e6af44dc9ea469b5070f0f73f61d520,4,2000.0,balanced,"[0.01, 0.12, 0.5, 0.99]","[2000, 2000, 2000, 2000]",0.7,acc,best,0.678
iro,0,e2_sample_size_small,sample_size,3e6af44dc9ea469b5070f0f73f61d520,4,2000.0,balanced,"[0.01, 0.12, 0.5, 0.99]","[2000, 2000, 2000, 2000]",0.7,acc,final,0.6776
iro,0,e2_sample_size_small,sample_size,3e6af44dc9ea469b5070f0f73f61d520,4,2000.0,balanced,"[0.01, 0.12, 0.5, 0.99]","[2000, 2000, 2000, 2000]",0.7,loss,best,0.6308667063713074
iro,0,e2_sample_size_small,sample_size,3e6af44dc9ea469b5070f0f73f61d520,4,2000.0,balanced,"[0.01, 0.12, 0.5, 0.99]","[2000, 2000, 2000, 2000]",0.7,loss,final,0.6327729225158691
iro,0,e2_sample_size_small,sample_size,3e6af44dc9ea469b5070f0f73f61d520,4,2000.0,balanced,"[0.01, 0.12, 0.5, 0.99]","[2000, 2000, 2000, 2000]",0.8,acc,best,0.6753
iro,0,e2_sample_size_small,sample_size,3e6af44dc9ea469b5070f0f73f61d520,4,2000.0,balanced,"[0.01, 0.12, 0.5, 0.99]","[2000, 2000, 2000, 2000]",0.8,acc,final,0.6742
iro,0,e2_sample_size_small,sample_size,3e6af44dc9ea469b5070f0f73f61d520,4,2000.0,balanced,"[0.01, 0.12, 0.5, 0.99]","[2000, 2000, 2000, 2000]",0.8,loss,best,0.6334040462970734
iro,0,e2_sample_size_small,sample_size,3e6af44dc9ea469b5070f0f73f61d520,4,2000.0,balanced,"[0.01, 0.12, 0.5, 0.99]","[2000, 2000, 2000, 2000]",0.8,loss,final,0.6362791061401367
iro,0,e2_sample_size_small,sample_size,3e6af44dc9ea469b5070f0f73f61d520,4,2000.0,balanced,"[0.01, 0.12, 0.5, 0.99]","[2000, 2000, 2000, 2000]",0.9,acc,best,0.6712
iro,0,e2_sample_size_small,sample_size,3e6af44dc9ea469b5070f0f73f61d520,4,2000.0,balanced,"[0.01, 0.12, 0.5, 0.99]","[2000, 2000, 2000, 2000]",0.9,acc,final,0.669
iro,0,e2_sample_size_small,sample_size,3e6af44dc9ea469b5070f0f73f61d520,4,2000.0,balanced,"[0.01, 0.12, 0.5, 0.99]","[2000, 2000, 2000, 2000]",0.9,loss,best,0.6383702158927917
iro,0,e2_sample_size_small,sample_size,3e6af44dc9ea469b5070f0f73f61d520,4,2000.0,balanced,"[0.01, 0.12, 0.5, 0.99]","[2000, 2000, 2000, 2000]",0.9,loss,final,0.6421068906784058
iro,0,e2_sample_size_small,sample_size,3e6af44dc9ea469b5070f0f73f61d520,4,2000.0,balanced,"[0.01, 0.12, 0.5, 0.99]","[2000, 2000, 2000, 2000]",1.0,acc,best,0.668
iro,0,e2_sample_size_small,sample_size,3e6af44dc9ea469b5070f0f73f61d520,4,2000.0,balanced,"[0.01, 0.12, 0.5, 0.99]","[2000, 2000, 2000, 2000]",1.0,acc,final,0.6653
iro,0,e2_sample_size_small,sample_size,3e6af44dc9ea469b5070f0f73f61d520,4,2000.0,balanced,"[0.01, 0.12, 0.5, 0.99]","[2000, 2000, 2000, 2000]",1.0,loss,best,0.6436823308467865
iro,0,e2_sample_size_small,sample_size,3e6af44dc9ea469b5070f0f73f61d520,4,2000.0,balanced,"[0.01, 0.12, 0.5, 0.99]","[2000, 2000, 2000, 2000]",1.0,loss,final,0.6483994722366333
iro,0,e2_sample_size_small,sample_size,3e6af44dc9ea469b5070f0f73f61d520,4,2000.0,balanced,"[0.01, 0.12, 0.5, 0.99]","[2000, 2000, 2000, 2000]",avg_domain,acc,best,0.6826090909090909
iro,0,e2_sample_size_small,sample_size,3e6af44dc9ea469b5070f0f73f61d520,4,2000.0,balanced,"[0.01, 0.12, 0.5, 0.99]","[2000, 2000, 2000, 2000]",worst_domain,acc,best,0.668
iro,0,e2_sample_size_small,sample_size,3e6af44dc9ea469b5070f0f73f61d520,4,2000.0,balanced,"[0.01, 0.12, 0.5, 0.99]","[2000, 2000, 2000, 2000]",best_domain,acc,best,0.6968
iro,0,e2_sample_size_small,sample_size,3e6af44dc9ea469b5070f0f73f61d520,4,2000.0,balanced,"[0.01, 0.12, 0.5, 0.99]","[2000, 2000, 2000, 2000]",avg_domain,acc,final,0.6829181818181819
iro,0,e2_sample_size_small,sample_size,3e6af44dc9ea469b5070f0f73f61d520,4,2000.0,balanced,"[0.01, 0.12, 0.5, 0.99]","[2000, 2000, 2000, 2000]",worst_domain,acc,final,0.6653
iro,0,e2_sample_size_small,sample_size,3e6af44dc9ea469b5070f0f73f61d520,4,2000.0,balanced,"[0.01, 0.12, 0.5, 0.99]","[2000, 2000, 2000, 2000]",best_domain,acc,final,0.6986
inftask,0,e3_imbalance_small,imbalance,3fd652f1ea95cd942c78b144bc366f36,4,,last_domain_heavy_mild,"[0.01, 0.12, 0.5, 0.99]","[2000, 2000, 2000, 8000]",0.0,acc,best,0.6667
inftask,0,e3_imbalance_small,imbalance,3fd652f1ea95cd942c78b144bc366f36,4,,last_domain_heavy_mild,"[0.01, 0.12, 0.5, 0.99]","[2000, 2000, 2000, 8000]",0.0,acc,final,0.6674
inftask,0,e3_imbalance_small,imbalance,3fd652f1ea95cd942c78b144bc366f36,4,,last_domain_heavy_mild,"[0.01, 0.12, 0.5, 0.99]","[2000, 2000, 2000, 8000]",0.0,loss,best,0.6464356780052185
inftask,0,e3_imbalance_small,imbalance,3fd652f1ea95cd942c78b144bc366f36,4,,last_domain_heavy_mild,"[0.01, 0.12, 0.5, 0.99]","[2000, 2000, 2000, 8000]",0.0,loss,final,0.6459196209907532
inftask,0,e3_imbalance_small,imbalance,3fd652f1ea95cd942c78b144bc366f36,4,,last_domain_heavy_mild,"[0.01, 0.12, 0.5, 0.99]","[2000, 2000, 2000, 8000]",0.1,acc,best,0.6742
inftask,0,e3_imbalance_small,imbalance,3fd652f1ea95cd942c78b144bc366f36,4,,last_domain_heavy_mild,"[0.01, 0.12, 0.5, 0.99]","[2000, 2000, 2000, 8000]",0.1,acc,final,0.6744
inftask,0,e3_imbalance_small,imbalance,3fd652f1ea95cd942c78b144bc366f36,4,,last_domain_heavy_mild,"[0.01, 0.12, 0.5, 0.99]","[2000, 2000, 2000, 8000]",0.1,loss,best,0.6404071152210236
inftask,0,e3_imbalance_small,imbalance,3fd652f1ea95cd942c78b144bc366f36,4,,last_domain_heavy_mild,"[0.01, 0.12, 0.5, 0.99]","[2000, 2000, 2000, 8000]",0.1,loss,final,0.6396009624004364
inftask,0,e3_imbalance_small,imbalance,3fd652f1ea95cd942c78b144bc366f36,4,,last_domain_heavy_mild,"[0.01, 0.12, 0.5, 0.99]","[2000, 2000, 2000, 8000]",0.2,acc,best,0.6759
inftask,0,e3_imbalance_small,imbalance,3fd652f1ea95cd942c78b144bc366f36,4,,last_domain_heavy_mild,"[0.01, 0.12, 0.5, 0.99]","[2000, 2000, 2000, 8000]",0.2,acc,final,0.677
inftask,0,e3_imbalance_small,imbalance,3fd652f1ea95cd942c78b144bc366f36,4,,last_domain_heavy_mild,"[0.01, 0.12, 0.5, 0.99]","[2000, 2000, 2000, 8000]",0.2,loss,best,0.6397173702716827
inftask,0,e3_imbalance_small,imbalance,3fd652f1ea95cd942c78b144bc366f36,4,,last_domain_heavy_mild,"[0.01, 0.12, 0.5, 0.99]","[2000, 2000, 2000, 8000]",0.2,loss,final,0.6387887001037598
inftask,0,e3_imbalance_small,imbalance,3fd652f1ea95cd942c78b144bc366f36,4,,last_domain_heavy_mild,"[0.01, 0.12, 0.5, 0.99]","[2000, 2000, 2000, 8000]",0.3,acc,best,0.6799
inftask,0,e3_imbalance_small,imbalance,3fd652f1ea95cd942c78b144bc366f36,4,,last_domain_heavy_mild,"[0.01, 0.12, 0.5, 0.99]","[2000, 2000, 2000, 8000]",0.3,acc,final,0.6799
inftask,0,e3_imbalance_small,imbalance,3fd652f1ea95cd942c78b144bc366f36,4,,last_domain_heavy_mild,"[0.01, 0.12, 0.5, 0.99]","[2000, 2000, 2000, 8000]",0.3,loss,best,0.6246159374713898
inftask,0,e3_imbalance_small,imbalance,3fd652f1ea95cd942c78b144bc366f36,4,,last_domain_heavy_mild,"[0.01, 0.12, 0.5, 0.99]","[2000, 2000, 2000, 8000]",0.3,loss,final,0.62413090467453
inftask,0,e3_imbalance_small,imbalance,3fd652f1ea95cd942c78b144bc366f36,4,,last_domain_heavy_mild,"[0.01, 0.12, 0.5, 0.99]","[2000, 2000, 2000, 8000]",0.4,acc,best,0.6882
inftask,0,e3_imbalance_small,imbalance,3fd652f1ea95cd942c78b144bc366f36,4,,last_domain_heavy_mild,"[0.01, 0.12, 0.5, 0.99]","[2000, 2000, 2000, 8000]",0.4,acc,final,0.6891
inftask,0,e3_imbalance_small,imbalance,3fd652f1ea95cd942c78b144bc366f36,4,,last_domain_heavy_mild,"[0.01, 0.12, 0.5, 0.99]","[2000, 2000, 2000, 8000]",0.4,loss,best,0.6184922456741333
inftask,0,e3_imbalance_small,imbalance,3fd652f1ea95cd942c78b144bc366f36,4,,last_domain_heavy_mild,"[0.01, 0.12, 0.5, 0.99]","[2000, 2000, 2000, 8000]",0.4,loss,final,0.6178888976573944
inftask,0,e3_imbalance_small,imbalance,3fd652f1ea95cd942c78b144bc366f36,4,,last_domain_heavy_mild,"[0.01, 0.12, 0.5, 0.99]","[2000, 2000, 2000, 8000]",0.5,acc,best,0.6921
inftask,0,e3_imbalance_small,imbalance,3fd652f1ea95cd942c78b144bc366f36,4,,last_domain_heavy_mild,"[0.01, 0.12, 0.5, 0.99]","[2000, 2000, 2000, 8000]",0.5,acc,final,0.6915
inftask,0,e3_imbalance_small,imbalance,3fd652f1ea95cd942c78b144bc366f36,4,,last_domain_heavy_mild,"[0.01, 0.12, 0.5, 0.99]","[2000, 2000, 2000, 8000]",0.5,loss,best,0.6128881573677063
inftask,0,e3_imbalance_small,imbalance,3fd652f1ea95cd942c78b144bc366f36,4,,last_domain_heavy_mild,"[0.01, 0.12, 0.5, 0.99]","[2000, 2000, 2000, 8000]",0.5,loss,final,0.612226814031601
inftask,0,e3_imbalance_small,imbalance,3fd652f1ea95cd942c78b144bc366f36,4,,last_domain_heavy_mild,"[0.01, 0.12, 0.5, 0.99]","[2000, 2000, 2000, 8000]",0.6,acc,best,0.6838
inftask,0,e3_imbalance_small,imbalance,3fd652f1ea95cd942c78b144bc366f36,4,,last_domain_heavy_mild,"[0.01, 0.12, 0.5, 0.99]","[2000, 2000, 2000, 8000]",0.6,acc,final,0.6841
inftask,0,e3_imbalance_small,imbalance,3fd652f1ea95cd942c78b144bc366f36,4,,last_domain_heavy_mild,"[0.01, 0.12, 0.5, 0.99]","[2000, 2000, 2000, 8000]",0.6,loss,best,0.6210121214389801
inftask,0,e3_imbalance_small,imbalance,3fd652f1ea95cd942c78b144bc366f36,4,,last_domain_heavy_mild,"[0.01, 0.12, 0.5, 0.99]","[2000, 2000, 2000, 8000]",0.6,loss,final,0.6206668615341187
inftask,0,e3_imbalance_small,imbalance,3fd652f1ea95cd942c78b144bc366f36,4,,last_domain_heavy_mild,"[0.01, 0.12, 0.5, 0.99]","[2000, 2000, 2000, 8000]",0.7,acc,best,0.7008
inftask,0,e3_imbalance_small,imbalance,3fd652f1ea95cd942c78b144bc366f36,4,,last_domain_heavy_mild,"[0.01, 0.12, 0.5, 0.99]","[2000, 2000, 2000, 8000]",0.7,acc,final,0.7008
inftask,0,e3_imbalance_small,imbalance,3fd652f1ea95cd942c78b144bc366f36,4,,last_domain_heavy_mild,"[0.01, 0.12, 0.5, 0.99]","[2000, 2000, 2000, 8000]",0.7,loss,best,0.6043094992637634
inftask,0,e3_imbalance_small,imbalance,3fd652f1ea95cd942c78b144bc366f36,4,,last_domain_heavy_mild,"[0.01, 0.12, 0.5, 0.99]","[2000, 2000, 2000, 8000]",0.7,loss,final,0.603534460067749
inftask,0,e3_imbalance_small,imbalance,3fd652f1ea95cd942c78b144bc366f36,4,,last_domain_heavy_mild,"[0.01, 0.12, 0.5, 0.99]","[2000, 2000, 2000, 8000]",0.8,acc,best,0.699
inftask,0,e3_imbalance_small,imbalance,3fd652f1ea95cd942c78b144bc366f36,4,,last_domain_heavy_mild,"[0.01, 0.12, 0.5, 0.99]","[2000, 2000, 2000, 8000]",0.8,acc,final,0.699
inftask,0,e3_imbalance_small,imbalance,3fd652f1ea95cd942c78b144bc366f36,4,,last_domain_heavy_mild,"[0.01, 0.12, 0.5, 0.99]","[2000, 2000, 2000, 8000]",0.8,loss,best,0.6055402457714081
inftask,0,e3_imbalance_small,imbalance,3fd652f1ea95cd942c78b144bc366f36,4,,last_domain_heavy_mild,"[0.01, 0.12, 0.5, 0.99]","[2000, 2000, 2000, 8000]",0.8,loss,final,0.6049380004405975
inftask,0,e3_imbalance_small,imbalance,3fd652f1ea95cd942c78b144bc366f36,4,,last_domain_heavy_mild,"[0.01, 0.12, 0.5, 0.99]","[2000, 2000, 2000, 8000]",0.9,acc,best,0.7042
inftask,0,e3_imbalance_small,imbalance,3fd652f1ea95cd942c78b144bc366f36,4,,last_domain_heavy_mild,"[0.01, 0.12, 0.5, 0.99]","[2000, 2000, 2000, 8000]",0.9,acc,final,0.704
inftask,0,e3_imbalance_small,imbalance,3fd652f1ea95cd942c78b144bc366f36,4,,last_domain_heavy_mild,"[0.01, 0.12, 0.5, 0.99]","[2000, 2000, 2000, 8000]",0.9,loss,best,0.600280225276947
inftask,0,e3_imbalance_small,imbalance,3fd652f1ea95cd942c78b144bc366f36,4,,last_domain_heavy_mild,"[0.01, 0.12, 0.5, 0.99]","[2000, 2000, 2000, 8000]",0.9,loss,final,0.5996599197387695
inftask,0,e3_imbalance_small,imbalance,3fd652f1ea95cd942c78b144bc366f36,4,,last_domain_heavy_mild,"[0.01, 0.12, 0.5, 0.99]","[2000, 2000, 2000, 8000]",1.0,acc,best,0.6994
inftask,0,e3_imbalance_small,imbalance,3fd652f1ea95cd942c78b144bc366f36,4,,last_domain_heavy_mild,"[0.01, 0.12, 0.5, 0.99]","[2000, 2000, 2000, 8000]",1.0,acc,final,0.6999
inftask,0,e3_imbalance_small,imbalance,3fd652f1ea95cd942c78b144bc366f36,4,,last_domain_heavy_mild,"[0.01, 0.12, 0.5, 0.99]","[2000, 2000, 2000, 8000]",1.0,loss,best,0.6003067195415497
inftask,0,e3_imbalance_small,imbalance,3fd652f1ea95cd942c78b144bc366f36,4,,last_domain_heavy_mild,"[0.01, 0.12, 0.5, 0.99]","[2000, 2000, 2000, 8000]",1.0,loss,final,0.5997407734394073
inftask,0,e3_imbalance_small,imbalance,3fd652f1ea95cd942c78b144bc366f36,4,,last_domain_heavy_mild,"[0.01, 0.12, 0.5, 0.99]","[2000, 2000, 2000, 8000]",avg_domain,acc,best,0.6876545454545454
inftask,0,e3_imbalance_small,imbalance,3fd652f1ea95cd942c78b144bc366f36,4,,last_domain_heavy_mild,"[0.01, 0.12, 0.5, 0.99]","[2000, 2000, 2000, 8000]",worst_domain,acc,best,0.6667
inftask,0,e3_imbalance_small,imbalance,3fd652f1ea95cd942c78b144bc366f36,4,,last_domain_heavy_mild,"[0.01, 0.12, 0.5, 0.99]","[2000, 2000, 2000, 8000]",best_domain,acc,best,0.7042
inftask,0,e3_imbalance_small,imbalance,3fd652f1ea95cd942c78b144bc366f36,4,,last_domain_heavy_mild,"[0.01, 0.12, 0.5, 0.99]","[2000, 2000, 2000, 8000]",avg_domain,acc,final,0.6879181818181818
inftask,0,e3_imbalance_small,imbalance,3fd652f1ea95cd942c78b144bc366f36,4,,last_domain_heavy_mild,"[0.01, 0.12, 0.5, 0.99]","[2000, 2000, 2000, 8000]",worst_domain,acc,final,0.6674
inftask,0,e3_imbalance_small,imbalance,3fd652f1ea95cd942c78b144bc366f36,4,,last_domain_heavy_mild,"[0.01, 0.12, 0.5, 0.99]","[2000, 2000, 2000, 8000]",best_domain,acc,final,0.704
iro,0,e3_imbalance_small,imbalance,034ecafe05659d5dd1b061a5049ebe28,4,,last_domain_heavy_mild,"[0.01, 0.12, 0.5, 0.99]","[2000, 2000, 2000, 8000]",0.0,acc,best,0.6718
iro,0,e3_imbalance_small,imbalance,034ecafe05659d5dd1b061a5049ebe28,4,,last_domain_heavy_mild,"[0.01, 0.12, 0.5, 0.99]","[2000, 2000, 2000, 8000]",0.0,acc,final,0.6718
iro,0,e3_imbalance_small,imbalance,034ecafe05659d5dd1b061a5049ebe28,4,,last_domain_heavy_mild,"[0.01, 0.12, 0.5, 0.99]","[2000, 2000, 2000, 8000]",0.0,loss,best,0.6398591995239258
iro,0,e3_imbalance_small,imbalance,034ecafe05659d5dd1b061a5049ebe28,4,,last_domain_heavy_mild,"[0.01, 0.12, 0.5, 0.99]","[2000, 2000, 2000, 8000]",0.0,loss,final,0.6398591697216034
iro,0,e3_imbalance_small,imbalance,034ecafe05659d5dd1b061a5049ebe28,4,,last_domain_heavy_mild,"[0.01, 0.12, 0.5, 0.99]","[2000, 2000, 2000, 8000]",0.1,acc,best,0.6727
iro,0,e3_imbalance_small,imbalance,034ecafe05659d5dd1b061a5049ebe28,4,,last_domain_heavy_mild,"[0.01, 0.12, 0.5, 0.99]","[2000, 2000, 2000, 8000]",0.1,acc,final,0.6727
iro,0,e3_imbalance_small,imbalance,034ecafe05659d5dd1b061a5049ebe28,4,,last_domain_heavy_mild,"[0.01, 0.12, 0.5, 0.99]","[2000, 2000, 2000, 8000]",0.1,loss,best,0.6385720670223236
iro,0,e3_imbalance_small,imbalance,034ecafe05659d5dd1b061a5049ebe28,4,,last_domain_heavy_mild,"[0.01, 0.12, 0.5, 0.99]","[2000, 2000, 2000, 8000]",0.1,loss,final,0.6385720670223236
iro,0,e3_imbalance_small,imbalance,034ecafe05659d5dd1b061a5049ebe28,4,,last_domain_heavy_mild,"[0.01, 0.12, 0.5, 0.99]","[2000, 2000, 2000, 8000]",0.2,acc,best,0.6857
iro,0,e3_imbalance_small,imbalance,034ecafe05659d5dd1b061a5049ebe28,4,,last_domain_heavy_mild,"[0.01, 0.12, 0.5, 0.99]","[2000, 2000, 2000, 8000]",0.2,acc,final,0.6857
iro,0,e3_imbalance_small,imbalance,034ecafe05659d5dd1b061a5049ebe28,4,,last_domain_heavy_mild,"[0.01, 0.12, 0.5, 0.99]","[2000, 2000, 2000, 8000]",0.2,loss,best,0.6315928995609283
iro,0,e3_imbalance_small,imbalance,034ecafe05659d5dd1b061a5049ebe28,4,,last_domain_heavy_mild,"[0.01, 0.12, 0.5, 0.99]","[2000, 2000, 2000, 8000]",0.2,loss,final,0.6315928995609283
iro,0,e3_imbalance_small,imbalance,034ecafe05659d5dd1b061a5049ebe28,4,,last_domain_heavy_mild,"[0.01, 0.12, 0.5, 0.99]","[2000, 2000, 2000, 8000]",0.3,acc,best,0.6861
iro,0,e3_imbalance_small,imbalance,034ecafe05659d5dd1b061a5049ebe28,4,,last_domain_heavy_mild,"[0.01, 0.12, 0.5, 0.99]","[2000, 2000, 2000, 8000]",0.3,acc,final,0.6861
iro,0,e3_imbalance_small,imbalance,034ecafe05659d5dd1b061a5049ebe28,4,,last_domain_heavy_mild,"[0.01, 0.12, 0.5, 0.99]","[2000, 2000, 2000, 8000]",0.3,loss,best,0.6266831755638123
iro,0,e3_imbalance_small,imbalance,034ecafe05659d5dd1b061a5049ebe28,4,,last_domain_heavy_mild,"[0.01, 0.12, 0.5, 0.99]","[2000, 2000, 2000, 8000]",0.3,loss,final,0.6266831159591675
iro,0,e3_imbalance_small,imbalance,034ecafe05659d5dd1b061a5049ebe28,4,,last_domain_heavy_mild,"[0.01, 0.12, 0.5, 0.99]","[2000, 2000, 2000, 8000]",0.4,acc,best,0.6851
iro,0,e3_imbalance_small,imbalance,034ecafe05659d5dd1b061a5049ebe28,4,,last_domain_heavy_mild,"[0.01, 0.12, 0.5, 0.99]","[2000, 2000, 2000, 8000]",0.4,acc,final,0.6851
iro,0,e3_imbalance_small,imbalance,034ecafe05659d5dd1b061a5049ebe28,4,,last_domain_heavy_mild,"[0.01, 0.12, 0.5, 0.99]","[2000, 2000, 2000, 8000]",0.4,loss,best,0.6229081749916077
iro,0,e3_imbalance_small,imbalance,034ecafe05659d5dd1b061a5049ebe28,4,,last_domain_heavy_mild,"[0.01, 0.12, 0.5, 0.99]","[2000, 2000, 2000, 8000]",0.4,loss,final,0.6229082345962524
iro,0,e3_imbalance_small,imbalance,034ecafe05659d5dd1b061a5049ebe28,4,,last_domain_heavy_mild,"[0.01, 0.12, 0.5, 0.99]","[2000, 2000, 2000, 8000]",0.5,acc,best,0.6927
iro,0,e3_imbalance_small,imbalance,034ecafe05659d5dd1b061a5049ebe28,4,,last_domain_heavy_mild,"[0.01, 0.12, 0.5, 0.99]","[2000, 2000, 2000, 8000]",0.5,acc,final,0.6927
iro,0,e3_imbalance_small,imbalance,034ecafe05659d5dd1b061a5049ebe28,4,,last_domain_heavy_mild,"[0.01, 0.12, 0.5, 0.99]","[2000, 2000, 2000, 8000]",0.5,loss,best,0.6179797649383545
iro,0,e3_imbalance_small,imbalance,034ecafe05659d5dd1b061a5049ebe28,4,,last_domain_heavy_mild,"[0.01, 0.12, 0.5, 0.99]","[2000, 2000, 2000, 8000]",0.5,loss,final,0.6179797351360321
iro,0,e3_imbalance_small,imbalance,034ecafe05659d5dd1b061a5049ebe28,4,,last_domain_heavy_mild,"[0.01, 0.12, 0.5, 0.99]","[2000, 2000, 2000, 8000]",0.6,acc,best,0.6881
iro,0,e3_imbalance_small,imbalance,034ecafe05659d5dd1b061a5049ebe28,4,,last_domain_heavy_mild,"[0.01, 0.12, 0.5, 0.99]","[2000, 2000, 2000, 8000]",0.6,acc,final,0.6881
iro,0,e3_imbalance_small,imbalance,034ecafe05659d5dd1b061a5049ebe28,4,,last_domain_heavy_mild,"[0.01, 0.12, 0.5, 0.99]","[2000, 2000, 2000, 8000]",0.6,loss,best,0.6155951023101807
iro,0,e3_imbalance_small,imbalance,034ecafe05659d5dd1b061a5049ebe28,4,,last_domain_heavy_mild,"[0.01, 0.12, 0.5, 0.99]","[2000, 2000, 2000, 8000]",0.6,loss,final,0.6155950725078583
iro,0,e3_imbalance_small,imbalance,034ecafe05659d5dd1b061a5049ebe28,4,,last_domain_heavy_mild,"[0.01, 0.12, 0.5, 0.99]","[2000, 2000, 2000, 8000]",0.7,acc,best,0.6984
iro,0,e3_imbalance_small,imbalance,034ecafe05659d5dd1b061a5049ebe28,4,,last_domain_heavy_mild,"[0.01, 0.12, 0.5, 0.99]","[2000, 2000, 2000, 8000]",0.7,acc,final,0.6984
iro,0,e3_imbalance_small,imbalance,034ecafe05659d5dd1b061a5049ebe28,4,,last_domain_heavy_mild,"[0.01, 0.12, 0.5, 0.99]","[2000, 2000, 2000, 8000]",0.7,loss,best,0.6039760708808899
iro,0,e3_imbalance_small,imbalance,034ecafe05659d5dd1b061a5049ebe28,4,,last_domain_heavy_mild,"[0.01, 0.12, 0.5, 0.99]","[2000, 2000, 2000, 8000]",0.7,loss,final,0.6039760708808899
iro,0,e3_imbalance_small,imbalance,034ecafe05659d5dd1b061a5049ebe28,4,,last_domain_heavy_mild,"[0.01, 0.12, 0.5, 0.99]","[2000, 2000, 2000, 8000]",0.8,acc,best,0.7019
iro,0,e3_imbalance_small,imbalance,034ecafe05659d5dd1b061a5049ebe28,4,,last_domain_heavy_mild,"[0.01, 0.12, 0.5, 0.99]","[2000, 2000, 2000, 8000]",0.8,acc,final,0.7019
iro,0,e3_imbalance_small,imbalance,034ecafe05659d5dd1b061a5049ebe28,4,,last_domain_heavy_mild,"[0.01, 0.12, 0.5, 0.99]","[2000, 2000, 2000, 8000]",0.8,loss,best,0.600505143404007
iro,0,e3_imbalance_small,imbalance,034ecafe05659d5dd1b061a5049ebe28,4,,last_domain_heavy_mild,"[0.01, 0.12, 0.5, 0.99]","[2000, 2000, 2000, 8000]",0.8,loss,final,0.600505143404007
iro,0,e3_imbalance_small,imbalance,034ecafe05659d5dd1b061a5049ebe28,4,,last_domain_heavy_mild,"[0.01, 0.12, 0.5, 0.99]","[2000, 2000, 2000, 8000]",0.9,acc,best,0.7046
iro,0,e3_imbalance_small,imbalance,034ecafe05659d5dd1b061a5049ebe28,4,,last_domain_heavy_mild,"[0.01, 0.12, 0.5, 0.99]","[2000, 2000, 2000, 8000]",0.9,acc,final,0.7046
iro,0,e3_imbalance_small,imbalance,034ecafe05659d5dd1b061a5049ebe28,4,,last_domain_heavy_mild,"[0.01, 0.12, 0.5, 0.99]","[2000, 2000, 2000, 8000]",0.9,loss,best,0.5976731181144714
iro,0,e3_imbalance_small,imbalance,034ecafe05659d5dd1b061a5049ebe28,4,,last_domain_heavy_mild,"[0.01, 0.12, 0.5, 0.99]","[2000, 2000, 2000, 8000]",0.9,loss,final,0.5976731181144714
iro,0,e3_imbalance_small,imbalance,034ecafe05659d5dd1b061a5049ebe28,4,,last_domain_heavy_mild,"[0.01, 0.12, 0.5, 0.99]","[2000, 2000, 2000, 8000]",1.0,acc,best,0.7047
iro,0,e3_imbalance_small,imbalance,034ecafe05659d5dd1b061a5049ebe28,4,,last_domain_heavy_mild,"[0.01, 0.12, 0.5, 0.99]","[2000, 2000, 2000, 8000]",1.0,acc,final,0.7047
iro,0,e3_imbalance_small,imbalance,034ecafe05659d5dd1b061a5049ebe28,4,,last_domain_heavy_mild,"[0.01, 0.12, 0.5, 0.99]","[2000, 2000, 2000, 8000]",1.0,loss,best,0.5943500399589539
iro,0,e3_imbalance_small,imbalance,034ecafe05659d5dd1b061a5049ebe28,4,,last_domain_heavy_mild,"[0.01, 0.12, 0.5, 0.99]","[2000, 2000, 2000, 8000]",1.0,loss,final,0.5943500995635986
iro,0,e3_imbalance_small,imbalance,034ecafe05659d5dd1b061a5049ebe28,4,,last_domain_heavy_mild,"[0.01, 0.12, 0.5, 0.99]","[2000, 2000, 2000, 8000]",avg_domain,acc,best,0.6901636363636364
iro,0,e3_imbalance_small,imbalance,034ecafe05659d5dd1b061a5049ebe28,4,,last_domain_heavy_mild,"[0.01, 0.12, 0.5, 0.99]","[2000, 2000, 2000, 8000]",worst_domain,acc,best,0.6718
iro,0,e3_imbalance_small,imbalance,034ecafe05659d5dd1b061a5049ebe28,4,,last_domain_heavy_mild,"[0.01, 0.12, 0.5, 0.99]","[2000, 2000, 2000, 8000]",best_domain,acc,best,0.7047
iro,0,e3_imbalance_small,imbalance,034ecafe05659d5dd1b061a5049ebe28,4,,last_domain_heavy_mild,"[0.01, 0.12, 0.5, 0.99]","[2000, 2000, 2000, 8000]",avg_domain,acc,final,0.6901636363636364
iro,0,e3_imbalance_small,imbalance,034ecafe05659d5dd1b061a5049ebe28,4,,last_domain_heavy_mild,"[0.01, 0.12, 0.5, 0.99]","[2000, 2000, 2000, 8000]",worst_domain,acc,final,0.6718
iro,0,e3_imbalance_small,imbalance,034ecafe05659d5dd1b061a5049ebe28,4,,last_domain_heavy_mild,"[0.01, 0.12, 0.5, 0.99]","[2000, 2000, 2000, 8000]",best_domain,acc,final,0.7047
erm,0,e3_imbalance_small,imbalance,8b76861e8fa95b246280275223b61ae2,4,,last_domain_heavy_mild,"[0.01, 0.12, 0.5, 0.99]","[2000, 2000, 2000, 8000]",0.0,acc,best,0.2021
erm,0,e3_imbalance_small,imbalance,8b76861e8fa95b246280275223b61ae2,4,,last_domain_heavy_mild,"[0.01, 0.12, 0.5, 0.99]","[2000, 2000, 2000, 8000]",0.0,acc,final,0.4857
erm,0,e3_imbalance_small,imbalance,8b76861e8fa95b246280275223b61ae2,4,,last_domain_heavy_mild,"[0.01, 0.12, 0.5, 0.99]","[2000, 2000, 2000, 8000]",0.0,loss,best,0.9858666658401489
erm,0,e3_imbalance_small,imbalance,8b76861e8fa95b246280275223b61ae2,4,,last_domain_heavy_mild,"[0.01, 0.12, 0.5, 0.99]","[2000, 2000, 2000, 8000]",0.0,loss,final,1.5497360229492188
erm,0,e3_imbalance_small,imbalance,8b76861e8fa95b246280275223b61ae2,4,,last_domain_heavy_mild,"[0.01, 0.12, 0.5, 0.99]","[2000, 2000, 2000, 8000]",0.1,acc,best,0.2724
erm,0,e3_imbalance_small,imbalance,8b76861e8fa95b246280275223b61ae2,4,,last_domain_heavy_mild,"[0.01, 0.12, 0.5, 0.99]","[2000, 2000, 2000, 8000]",0.1,acc,final,0.5174
erm,0,e3_imbalance_small,imbalance,8b76861e8fa95b246280275223b61ae2,4,,last_domain_heavy_mild,"[0.01, 0.12, 0.5, 0.99]","[2000, 2000, 2000, 8000]",0.1,loss,best,0.925701230764389
erm,0,e3_imbalance_small,imbalance,8b76861e8fa95b246280275223b61ae2,4,,last_domain_heavy_mild,"[0.01, 0.12, 0.5, 0.99]","[2000, 2000, 2000, 8000]",0.1,loss,final,1.4273881912231445
erm,0,e3_imbalance_small,imbalance,8b76861e8fa95b246280275223b61ae2,4,,last_domain_heavy_mild,"[0.01, 0.12, 0.5, 0.99]","[2000, 2000, 2000, 8000]",0.2,acc,best,0.3434
erm,0,e3_imbalance_small,imbalance,8b76861e8fa95b246280275223b61ae2,4,,last_domain_heavy_mild,"[0.01, 0.12, 0.5, 0.99]","[2000, 2000, 2000, 8000]",0.2,acc,final,0.552
erm,0,e3_imbalance_small,imbalance,8b76861e8fa95b246280275223b61ae2,4,,last_domain_heavy_mild,"[0.01, 0.12, 0.5, 0.99]","[2000, 2000, 2000, 8000]",0.2,loss,best,0.8650210201740265
erm,0,e3_imbalance_small,imbalance,8b76861e8fa95b246280275223b61ae2,4,,last_domain_heavy_mild,"[0.01, 0.12, 0.5, 0.99]","[2000, 2000, 2000, 8000]",0.2,loss,final,1.310966968536377
erm,0,e3_imbalance_small,imbalance,8b76861e8fa95b246280275223b61ae2,4,,last_domain_heavy_mild,"[0.01, 0.12, 0.5, 0.99]","[2000, 2000, 2000, 8000]",0.3,acc,best,0.4226
erm,0,e3_imbalance_small,imbalance,8b76861e8fa95b246280275223b61ae2,4,,last_domain_heavy_mild,"[0.01, 0.12, 0.5, 0.99]","[2000, 2000, 2000, 8000]",0.3,acc,final,0.5769
erm,0,e3_imbalance_small,imbalance,8b76861e8fa95b246280275223b61ae2,4,,last_domain_heavy_mild,"[0.01, 0.12, 0.5, 0.99]","[2000, 2000, 2000, 8000]",0.3,loss,best,0.8009361624717712
erm,0,e3_imbalance_small,imbalance,8b76861e8fa95b246280275223b61ae2,4,,last_domain_heavy_mild,"[0.01, 0.12, 0.5, 0.99]","[2000, 2000, 2000, 8000]",0.3,loss,final,1.235184669494629
erm,0,e3_imbalance_small,imbalance,8b76861e8fa95b246280275223b61ae2,4,,last_domain_heavy_mild,"[0.01, 0.12, 0.5, 0.99]","[2000, 2000, 2000, 8000]",0.4,acc,best,0.4995
erm,0,e3_imbalance_small,imbalance,8b76861e8fa95b246280275223b61ae2,4,,last_domain_heavy_mild,"[0.01, 0.12, 0.5, 0.99]","[2000, 2000, 2000, 8000]",0.4,acc,final,0.6114
erm,0,e3_imbalance_small,imbalance,8b76861e8fa95b246280275223b61ae2,4,,last_domain_heavy_mild,"[0.01, 0.12, 0.5, 0.99]","[2000, 2000, 2000, 8000]",0.4,loss,best,0.7411049008369446
erm,0,e3_imbalance_small,imbalance,8b76861e8fa95b246280275223b61ae2,4,,last_domain_heavy_mild,"[0.01, 0.12, 0.5, 0.99]","[2000, 2000, 2000, 8000]",0.4,loss,final,1.1401875615119934
erm,0,e3_imbalance_small,imbalance,8b76861e8fa95b246280275223b61ae2,4,,last_domain_heavy_mild,"[0.01, 0.12, 0.5, 0.99]","[2000, 2000, 2000, 8000]",0.5,acc,best,0.5613
erm,0,e3_imbalance_small,imbalance,8b76861e8fa95b246280275223b61ae2,4,,last_domain_heavy_mild,"[0.01, 0.12, 0.5, 0.99]","[2000, 2000, 2000, 8000]",0.5,acc,final,0.6463
erm,0,e3_imbalance_small,imbalance,8b76861e8fa95b246280275223b61ae2,4,,last_domain_heavy_mild,"[0.01, 0.12, 0.5, 0.99]","[2000, 2000, 2000, 8000]",0.5,loss,best,0.6893533170223236
erm,0,e3_imbalance_small,imbalance,8b76861e8fa95b246280275223b61ae2,4,,last_domain_heavy_mild,"[0.01, 0.12, 0.5, 0.99]","[2000, 2000, 2000, 8000]",0.5,loss,final,1.0172324478626251
erm,0,e3_imbalance_small,imbalance,8b76861e8fa95b246280275223b61ae2,4,,last_domain_heavy_mild,"[0.01, 0.12, 0.5, 0.99]","[2000, 2000, 2000, 8000]",0.6,acc,best,0.6283
erm,0,e3_imbalance_small,imbalance,8b76861e8fa95b246280275223b61ae2,4,,last_domain_heavy_mild,"[0.01, 0.12, 0.5, 0.99]","[2000, 2000, 2000, 8000]",0.6,acc,final,0.6643
erm,0,e3_imbalance_small,imbalance,8b76861e8fa95b246280275223b61ae2,4,,last_domain_heavy_mild,"[0.01, 0.12, 0.5, 0.99]","[2000, 2000, 2000, 8000]",0.6,loss,best,0.6382863521575928
erm,0,e3_imbalance_small,imbalance,8b76861e8fa95b246280275223b61ae2,4,,last_domain_heavy_mild,"[0.01, 0.12, 0.5, 0.99]","[2000, 2000, 2000, 8000]",0.6,loss,final,0.9448209404945374
erm,0,e3_imbalance_small,imbalance,8b76861e8fa95b246280275223b61ae2,4,,last_domain_heavy_mild,"[0.01, 0.12, 0.5, 0.99]","[2000, 2000, 2000, 8000]",0.7,acc,best,0.7058
erm,0,e3_imbalance_small,imbalance,8b76861e8fa95b246280275223b61ae2,4,,last_domain_heavy_mild,"[0.01, 0.12, 0.5, 0.99]","[2000, 2000, 2000, 8000]",0.7,acc,final,0.697
erm,0,e3_imbalance_small,imbalance,8b76861e8fa95b246280275223b61ae2,4,,last_domain_heavy_mild,"[0.01, 0.12, 0.5, 0.99]","[2000, 2000, 2000, 8000]",0.7,loss,best,0.5723502337932587
erm,0,e3_imbalance_small,imbalance,8b76861e8fa95b246280275223b61ae2,4,,last_domain_heavy_mild,"[0.01, 0.12, 0.5, 0.99]","[2000, 2000, 2000, 8000]",0.7,loss,final,0.8273386359214783
erm,0,e3_imbalance_small,imbalance,8b76861e8fa95b246280275223b61ae2,4,,last_domain_heavy_mild,"[0.01, 0.12, 0.5, 0.99]","[2000, 2000, 2000, 8000]",0.8,acc,best,0.7799
erm,0,e3_imbalance_small,imbalance,8b76861e8fa95b246280275223b61ae2,4,,last_domain_heavy_mild,"[0.01, 0.12, 0.5, 0.99]","[2000, 2000, 2000, 8000]",0.8,acc,final,0.732
erm,0,e3_imbalance_small,imbalance,8b76861e8fa95b246280275223b61ae2,4,,last_domain_heavy_mild,"[0.01, 0.12, 0.5, 0.99]","[2000, 2000, 2000, 8000]",0.8,loss,best,0.5125508010387421
erm,0,e3_imbalance_small,imbalance,8b76861e8fa95b246280275223b61ae2,4,,last_domain_heavy_mild,"[0.01, 0.12, 0.5, 0.99]","[2000, 2000, 2000, 8000]",0.8,loss,final,0.7279890179634094
erm,0,e3_imbalance_small,imbalance,8b76861e8fa95b246280275223b61ae2,4,,last_domain_heavy_mild,"[0.01, 0.12, 0.5, 0.99]","[2000, 2000, 2000, 8000]",0.9,acc,best,0.8585
erm,0,e3_imbalance_small,imbalance,8b76861e8fa95b246280275223b61ae2,4,,last_domain_heavy_mild,"[0.01, 0.12, 0.5, 0.99]","[2000, 2000, 2000, 8000]",0.9,acc,final,0.7653
erm,0,e3_imbalance_small,imbalance,8b76861e8fa95b246280275223b61ae2,4,,last_domain_heavy_mild,"[0.01, 0.12, 0.5, 0.99]","[2000, 2000, 2000, 8000]",0.9,loss,best,0.45086097717285156
erm,0,e3_imbalance_small,imbalance,8b76861e8fa95b246280275223b61ae2,4,,last_domain_heavy_mild,"[0.01, 0.12, 0.5, 0.99]","[2000, 2000, 2000, 8000]",0.9,loss,final,0.6080181002616882
erm,0,e3_imbalance_small,imbalance,8b76861e8fa95b246280275223b61ae2,4,,last_domain_heavy_mild,"[0.01, 0.12, 0.5, 0.99]","[2000, 2000, 2000, 8000]",1.0,acc,best,0.9235
erm,0,e3_imbalance_small,imbalance,8b76861e8fa95b246280275223b61ae2,4,,last_domain_heavy_mild,"[0.01, 0.12, 0.5, 0.99]","[2000, 2000, 2000, 8000]",1.0,acc,final,0.7908
erm,0,e3_imbalance_small,imbalance,8b76861e8fa95b246280275223b61ae2,4,,last_domain_heavy_mild,"[0.01, 0.12, 0.5, 0.99]","[2000, 2000, 2000, 8000]",1.0,loss,best,0.3991011679172516
erm,0,e3_imbalance_small,imbalance,8b76861e8fa95b246280275223b61ae2,4,,last_domain_heavy_mild,"[0.01, 0.12, 0.5, 0.99]","[2000, 2000, 2000, 8000]",1.0,loss,final,0.5222499370574951
erm,0,e3_imbalance_small,imbalance,8b76861e8fa95b246280275223b61ae2,4,,last_domain_heavy_mild,"[0.01, 0.12, 0.5, 0.99]","[2000, 2000, 2000, 8000]",avg_domain,acc,best,0.5633909090909092
erm,0,e3_imbalance_small,imbalance,8b76861e8fa95b246280275223b61ae2,4,,last_domain_heavy_mild,"[0.01, 0.12, 0.5, 0.99]","[2000, 2000, 2000, 8000]",worst_domain,acc,best,0.2021
erm,0,e3_imbalance_small,imbalance,8b76861e8fa95b246280275223b61ae2,4,,last_domain_heavy_mild,"[0.01, 0.12, 0.5, 0.99]","[2000, 2000, 2000, 8000]",best_domain,acc,best,0.9235
erm,0,e3_imbalance_small,imbalance,8b76861e8fa95b246280275223b61ae2,4,,last_domain_heavy_mild,"[0.01, 0.12, 0.5, 0.99]","[2000, 2000, 2000, 8000]",avg_domain,acc,final,0.6399181818181818
erm,0,e3_imbalance_small,imbalance,8b76861e8fa95b246280275223b61ae2,4,,last_domain_heavy_mild,"[0.01, 0.12, 0.5, 0.99]","[2000, 2000, 2000, 8000]",worst_domain,acc,final,0.4857
erm,0,e3_imbalance_small,imbalance,8b76861e8fa95b246280275223b61ae2,4,,last_domain_heavy_mild,"[0.01, 0.12, 0.5, 0.99]","[2000, 2000, 2000, 8000]",best_domain,acc,final,0.7908
